ano,linhas_cursos,codigos_curso_distintos,linhas_adicionais_mesmo_codigo_curso,ies,linhas_sem_ies_correspondente,linhas_licenciaturas_pedagogia,codigos_curso_licenciaturas_pedagogia,qt_curso_licenciaturas_pedagogia,concluintes_licenciaturas_pedagogia,linhas_docencia_computacao,codigos_curso_docencia_computacao,qt_curso_docencia_computacao,concluintes_docencia_computacao,divergencias_ano
2009,52146,28966,23180,2314,0,16367,8322,8322,280281,134,75,75,725,0
2010,54194,29835,24359,2378,0,16444,7971,7971,234845,161,82,82,654,0
2011,57737,30746,26991,2365,0,17153,7954,7954,239902,169,84,84,805,0
2012,63855,32194,31661,2416,0,18832,8221,8220,224353,208,97,97,687,0
2013,66126,32382,33744,2391,0,18913,7942,7942,201611,259,100,100,1153,0
2014,73569,33273,40296,2368,0,21858,7880,7879,217343,328,102,102,1240,0
2015,81156,33873,47283,2364,0,23569,7654,7654,238392,357,109,109,1477,0
2016,92866,34695,58171,2407,0,26746,7375,7375,239542,358,101,101,1267,0
2017,119798,35693,84105,2448,0,34717,7290,7290,253296,458,100,100,1081,0
2018,182892,38256,144636,2537,0,52508,7429,7429,250579,553,96,96,986,0
2019,253139,40709,212430,2608,0,68778,7639,7639,254067,645,96,96,795,0
2020,344691,42233,302458,2457,0,86963,7736,7736,243297,903,104,104,983,0
2021,444786,43374,401412,2574,0,100949,7755,7755,283703,1116,93,93,1338,0
2022,573019,45296,527723,2595,0,121340,7857,7857,258247,1419,101,101,1002,0
2023,671610,46317,625293,2580,0,136699,7924,7924,233480,1650,101,101,977,0
2024,720349,46150,674199,2561,0,142837,7830,7830,206967,1795,96,96,925,0
