ano,status_qualidade,linhas_recorte,linhas_presencial,linhas_ead,qt_curso,qt_curso_presencial,qt_curso_ead,status_qt_curso,qt_vagas,qt_inscritos,qt_ingressantes,qt_matriculas,qt_concluintes,status_qt_vagas,status_qt_inscritos,status_qt_ingressantes,status_qt_matriculas,status_qt_concluintes,tipo_leiaute,fonte,observacao
1995,RECONSTRUIDO_DICIONARIO_OFICIAL,1,1,0,1,1,0,PROXY_LINHAS_GRADUACAO,30,328,30,28,0,OK,OK,OK,OK,OK,HISTORICO_VARIAVEL,microdados_censo_da_educacao_superior_1995.zip,QT_CURSO não existia no leiaute; linhas do arquivo de graduação são mantidas como proxy identificada.
1996,FONTE_OFICIAL_PARCIAL_NAO_COMPARAVEL,,,,,,,NAO_COMPARAVEL,,,,,,,,,,,HISTORICO_VARIAVEL,microdados_censo_da_educacao_superior_1996.zip,Somente 53 de 7.256 registros oficiais têm nome/classificação; nenhum zero é inferido.
1997,RECONSTRUIDO_DICIONARIO_OFICIAL,2,2,0,1,1,0,PROXY_LINHAS_GRADUACAO,60,882,61,30,0,OK,OK,OK,OK,OK,HISTORICO_VARIAVEL,microdados_censo_da_educacao_superior_1997.zip,QT_CURSO não existia no leiaute; linhas do arquivo de graduação são mantidas como proxy identificada.
1998,RECONSTRUIDO_DICIONARIO_OFICIAL,1,1,0,1,1,0,PROXY_LINHAS_GRADUACAO,116,923,61,83,,OK,OK,OK,OK,SEM_DADO,HISTORICO_VARIAVEL,microdados_censo_da_educacao_superior_1998.zip,QT_CURSO não existia no leiaute; linhas do arquivo de graduação são mantidas como proxy identificada.
1999,RECONSTRUIDO_DICIONARIO_OFICIAL,4,4,0,4,4,0,PROXY_LINHAS_GRADUACAO,145,965,131,284,13,PARCIAL,PARCIAL,OK,OK,PARCIAL,HISTORICO_VARIAVEL,microdados_censo_da_educacao_superior_1999.zip,QT_CURSO não existia no leiaute; linhas do arquivo de graduação são mantidas como proxy identificada.
2000,RECONSTRUIDO_DICIONARIO_OFICIAL,37,37,0,37,37,0,PROXY_LINHAS_GRADUACAO,2059,5789,1632,361,10,PARCIAL,PARCIAL,OK,PARCIAL,PARCIAL,HISTORICO_VARIAVEL,microdados_censo_da_educacao_superior_2000.zip,QT_CURSO não existia no leiaute; linhas do arquivo de graduação são mantidas como proxy identificada.
2001,RECONSTRUIDO_DICIONARIO_OFICIAL,59,59,0,59,59,0,PROXY_LINHAS_GRADUACAO,2395,5350,1953,2973,55,PARCIAL,PARCIAL,OK,PARCIAL,PARCIAL,HISTORICO_VARIAVEL,microdados_censo_da_educacao_superior_2001.zip,QT_CURSO não existia no leiaute; linhas do arquivo de graduação são mantidas como proxy identificada.
2002,RECONSTRUIDO_DICIONARIO_OFICIAL,72,72,0,72,72,0,PROXY_LINHAS_GRADUACAO,3242,6858,2358,4335,67,PARCIAL,PARCIAL,PARCIAL,OK,PARCIAL,HISTORICO_VARIAVEL,microdados_censo_da_educacao_superior_2002.zip,QT_CURSO não existia no leiaute; linhas do arquivo de graduação são mantidas como proxy identificada.
2003,RECONSTRUIDO_DICIONARIO_OFICIAL,79,79,0,79,79,0,PROXY_LINHAS_GRADUACAO,3397,6264,2182,4485,113,PARCIAL,PARCIAL,PARCIAL,PARCIAL,PARCIAL,HISTORICO_VARIAVEL,microdados_censo_da_educacao_superior_2003.zip,QT_CURSO não existia no leiaute; linhas do arquivo de graduação são mantidas como proxy identificada.
2004,RECONSTRUIDO_DICIONARIO_OFICIAL,70,70,0,70,70,0,PROXY_LINHAS_GRADUACAO,3500,7677,2415,5441,627,PARCIAL,PARCIAL,PARCIAL,PARCIAL,PARCIAL,HISTORICO_VARIAVEL,microdados_censo_da_educacao_superior_2004.zip,QT_CURSO não existia no leiaute; linhas do arquivo de graduação são mantidas como proxy identificada.
2005,RECONSTRUIDO_DICIONARIO_OFICIAL,74,72,2,74,72,2,PROXY_LINHAS_GRADUACAO,4218,8157,2200,5537,906,PARCIAL,PARCIAL,PARCIAL,OK,PARCIAL,HISTORICO_VARIAVEL,microdados_censo_da_educacao_superior_2005.zip,QT_CURSO não existia no leiaute; linhas do arquivo de graduação são mantidas como proxy identificada.
2006,RECONSTRUIDO_DICIONARIO_OFICIAL,75,74,1,75,74,1,PROXY_LINHAS_GRADUACAO,4353,9235,2614,6000,803,PARCIAL,PARCIAL,PARCIAL,OK,PARCIAL,HISTORICO_VARIAVEL,microdados_censo_da_educacao_superior_2006.zip,QT_CURSO não existia no leiaute; linhas do arquivo de graduação são mantidas como proxy identificada.
2007,RECONSTRUIDO_DICIONARIO_OFICIAL,63,62,1,63,62,1,PROXY_LINHAS_GRADUACAO,4707,8418,2115,5745,745,PARCIAL,PARCIAL,PARCIAL,OK,PARCIAL,HISTORICO_VARIAVEL,microdados_censo_da_educacao_superior_2007.zip,QT_CURSO não existia no leiaute; linhas do arquivo de graduação são mantidas como proxy identificada.
2008,RECONSTRUIDO_DICIONARIO_OFICIAL,75,73,2,75,73,2,PROXY_LINHAS_GRADUACAO,6812,8965,2294,5786,703,PARCIAL,PARCIAL,PARCIAL,OK,PARCIAL,HISTORICO_VARIAVEL,microdados_censo_da_educacao_superior_2008.zip,QT_CURSO não existia no leiaute; linhas do arquivo de graduação são mantidas como proxy identificada.
2009,VALIDADO_MD5_CHAVES_IDENTIDADES,134,69,65,75,69,6,OFICIAL_QT_CURSO,6869,13994,3891,8184,725,OK,OK,OK,OK,OK,CADASTRO_CURSOS_DIMENSIONAL,microdados_censo_da_educacao_superior_2009.zip,Linhas do recorte incluem dimensões territoriais; QT_CURSO usa dimensões 1 e 3 sem dupla contagem.
2010,VALIDADO_MD5_CHAVES_IDENTIDADES,161,74,87,82,74,8,OFICIAL_QT_CURSO,7131,15293,3455,9288,654,OK,OK,OK,OK,OK,CADASTRO_CURSOS_DIMENSIONAL,microdados_censo_da_educacao_superior_2010.zip,Linhas do recorte incluem dimensões territoriais; QT_CURSO usa dimensões 1 e 3 sem dupla contagem.
2011,VALIDADO_MD5_CHAVES_IDENTIDADES,169,76,93,84,76,8,OFICIAL_QT_CURSO,6565,26200,3150,9634,805,OK,OK,OK,OK,OK,CADASTRO_CURSOS_DIMENSIONAL,microdados_censo_da_educacao_superior_2011.zip,Linhas do recorte incluem dimensões territoriais; QT_CURSO usa dimensões 1 e 3 sem dupla contagem.
2012,VALIDADO_MD5_CHAVES_IDENTIDADES,208,85,123,97,85,12,OFICIAL_QT_CURSO,5866,34817,3619,9964,687,OK,OK,OK,OK,OK,CADASTRO_CURSOS_DIMENSIONAL,microdados_censo_da_educacao_superior_2012.zip,Linhas do recorte incluem dimensões territoriais; QT_CURSO usa dimensões 1 e 3 sem dupla contagem.
2013,VALIDADO_MD5_CHAVES_IDENTIDADES,259,85,174,100,85,15,OFICIAL_QT_CURSO,8783,41685,3342,10157,1153,OK,OK,OK,OK,OK,CADASTRO_CURSOS_DIMENSIONAL,microdados_censo_da_educacao_superior_2013.zip,Linhas do recorte incluem dimensões territoriais; QT_CURSO usa dimensões 1 e 3 sem dupla contagem.
2014,VALIDADO_MD5_CHAVES_IDENTIDADES,328,82,246,102,82,20,OFICIAL_QT_CURSO,8915,44299,4525,12216,1240,OK,OK,OK,OK,OK,CADASTRO_CURSOS_DIMENSIONAL,microdados_censo_da_educacao_superior_2014.zip,Linhas do recorte incluem dimensões territoriais; QT_CURSO usa dimensões 1 e 3 sem dupla contagem.
2015,VALIDADO_MD5_CHAVES_IDENTIDADES,357,89,268,109,89,20,OFICIAL_QT_CURSO,7259,40599,2667,11005,1477,OK,OK,OK,OK,OK,CADASTRO_CURSOS_DIMENSIONAL,microdados_censo_da_educacao_superior_2015(1).zip,Linhas do recorte incluem dimensões territoriais; QT_CURSO usa dimensões 1 e 3 sem dupla contagem.
2016,VALIDADO_MD5_CHAVES_IDENTIDADES,358,81,277,101,81,20,OFICIAL_QT_CURSO,8335,38846,2933,9773,1267,OK,OK,OK,OK,OK,CADASTRO_CURSOS_DIMENSIONAL,microdados_censo_da_educacao_superior_2016(1).zip,Linhas do recorte incluem dimensões territoriais; QT_CURSO usa dimensões 1 e 3 sem dupla contagem.
2017,VALIDADO_MD5_CHAVES_IDENTIDADES,458,75,383,100,75,25,OFICIAL_QT_CURSO,11290,44825,6097,12129,1081,OK,OK,OK,OK,OK,CADASTRO_CURSOS_DIMENSIONAL,microdados_censo_da_educacao_superior_2017(1).zip,Linhas do recorte incluem dimensões territoriais; QT_CURSO usa dimensões 1 e 3 sem dupla contagem.
2018,VALIDADO_MD5_CHAVES_IDENTIDADES,553,69,484,96,69,27,OFICIAL_QT_CURSO,8084,27234,3881,11750,986,OK,OK,OK,OK,OK,CADASTRO_CURSOS_DIMENSIONAL,microdados_censo_da_educacao_superior_2018(1).zip,Linhas do recorte incluem dimensões territoriais; QT_CURSO usa dimensões 1 e 3 sem dupla contagem.
2019,VALIDADO_MD5_CHAVES_IDENTIDADES,645,67,578,96,67,29,OFICIAL_QT_CURSO,7651,31430,3144,11053,795,OK,OK,OK,OK,OK,CADASTRO_CURSOS_DIMENSIONAL,microdados_censo_da_educacao_superior_2019(1).zip,Linhas do recorte incluem dimensões territoriais; QT_CURSO usa dimensões 1 e 3 sem dupla contagem.
2020,VALIDADO_MD5_CHAVES_IDENTIDADES,903,74,829,104,74,30,OFICIAL_QT_CURSO,12718,19491,3608,11327,983,OK,OK,OK,OK,OK,CADASTRO_CURSOS_DIMENSIONAL,microdados_censo_da_educacao_superior_2020(1).zip,Linhas do recorte incluem dimensões territoriais; QT_CURSO usa dimensões 1 e 3 sem dupla contagem.
2021,VALIDADO_MD5_CHAVES_IDENTIDADES,1116,61,1055,93,61,32,OFICIAL_QT_CURSO,23042,15683,3935,11816,1338,OK,OK,OK,OK,OK,CADASTRO_CURSOS_DIMENSIONAL,microdados_censo_da_educacao_superior_2021(1).zip,Linhas do recorte incluem dimensões territoriais; QT_CURSO usa dimensões 1 e 3 sem dupla contagem.
2022,VALIDADO_MD5_CHAVES_IDENTIDADES,1419,66,1353,101,66,35,OFICIAL_QT_CURSO,21317,17142,4582,11586,1002,OK,OK,OK,OK,OK,CADASTRO_CURSOS_DIMENSIONAL,microdados_censo_da_educacao_superior_2022(1).zip,Linhas do recorte incluem dimensões territoriais; QT_CURSO usa dimensões 1 e 3 sem dupla contagem.
2023,VALIDADO_MD5_CHAVES_IDENTIDADES,1650,67,1583,101,67,34,OFICIAL_QT_CURSO,42863,19128,5594,11701,977,OK,OK,OK,OK,OK,CADASTRO_CURSOS_DIMENSIONAL,microdados_censo_da_educacao_superior_2023(1).zip,Linhas do recorte incluem dimensões territoriais; QT_CURSO usa dimensões 1 e 3 sem dupla contagem.
2024,VALIDADO_MD5_CHAVES_IDENTIDADES,1795,61,1734,96,61,35,OFICIAL_QT_CURSO,36634,19053,4869,11191,925,OK,OK,OK,OK,OK,CADASTRO_CURSOS_DIMENSIONAL,microdados_censo_da_educacao_superior_2024(1).zip,Linhas do recorte incluem dimensões territoriais; QT_CURSO usa dimensões 1 e 3 sem dupla contagem.
