ordem,variavel,tabela_origem,arquivo_origem,tipo_operacional,descricao,tratamento,agregacao_derivados,uso_direto_no_artigo
1,CO_ENTIDADE,Escola/Docente/Turma/Matrícula (chave comum),quatro tabelas,identificador/código,Código da Escola,Chave 1:1; não nula e única; preservada como texto de oito dígitos.,nenhuma,sim
2,TP_DEPENDENCIA,Escola,Tabela_Escola_2025.csv,categoria codificada,Dependência Administrativa,Valor oficial preservado sem recodificação na base integrada.,dimensão de agrupamento ou descrição,sim
3,TP_CATEGORIA_ESCOLA_PRIVADA,Escola,Tabela_Escola_2025.csv,categoria codificada,Categoria da escola privada,Valor oficial preservado sem recodificação na base integrada.,dimensão de agrupamento ou descrição,não
4,TP_LOCALIZACAO,Escola,Tabela_Escola_2025.csv,categoria codificada,Localização,Valor oficial preservado sem recodificação na base integrada.,dimensão de agrupamento ou descrição,sim
5,TP_LOCALIZACAO_DIFERENCIADA,Escola,Tabela_Escola_2025.csv,categoria codificada,Localização diferenciada da escola,Valor oficial preservado sem recodificação na base integrada.,dimensão de agrupamento ou descrição,não
6,NO_REGIAO,Escola,Tabela_Escola_2025.csv,texto/categoria,Nome da Região Geográfica,Valor oficial preservado sem recodificação na base integrada.,dimensão de agrupamento ou descrição,sim
7,CO_REGIAO,Escola,Tabela_Escola_2025.csv,identificador/código,Código da Região Geográfica,Valor oficial preservado sem recodificação na base integrada.,dimensão de agrupamento ou descrição,não
8,NO_UF,Escola,Tabela_Escola_2025.csv,texto/categoria,Nome da Unidade da Federação,Valor oficial preservado sem recodificação na base integrada.,dimensão de agrupamento ou descrição,não
9,SG_UF,Escola,Tabela_Escola_2025.csv,texto/categoria,Sigla da Unidade da Federação,Valor oficial preservado sem recodificação na base integrada.,dimensão de agrupamento ou descrição,sim
10,CO_UF,Escola,Tabela_Escola_2025.csv,identificador/código,Código da Unidade da Federação,Valor oficial preservado sem recodificação na base integrada.,dimensão de agrupamento ou descrição,não
11,NO_MUNICIPIO,Escola,Tabela_Escola_2025.csv,texto/categoria,Nome do Município,Valor oficial preservado sem recodificação na base integrada.,dimensão de agrupamento ou descrição,não
12,CO_MUNICIPIO,Escola,Tabela_Escola_2025.csv,identificador/código,Código do Município,Valor oficial preservado sem recodificação na base integrada.,dimensão de agrupamento ou descrição,não
13,NO_REGIAO_GEOG_INTERM,Escola,Tabela_Escola_2025.csv,texto/categoria,Nome da Região Geográfica Intermediária,Valor oficial preservado sem recodificação na base integrada.,dimensão de agrupamento ou descrição,não
14,CO_REGIAO_GEOG_INTERM,Escola,Tabela_Escola_2025.csv,identificador/código,Código da Região Geográfica Intermediária,Valor oficial preservado sem recodificação na base integrada.,dimensão de agrupamento ou descrição,não
15,NO_REGIAO_GEOG_IMED,Escola,Tabela_Escola_2025.csv,texto/categoria,Nome da Região Geográfica Imediata,Valor oficial preservado sem recodificação na base integrada.,dimensão de agrupamento ou descrição,não
16,CO_REGIAO_GEOG_IMED,Escola,Tabela_Escola_2025.csv,identificador/código,Código da Região Geográfica Imediata,Valor oficial preservado sem recodificação na base integrada.,dimensão de agrupamento ou descrição,não
17,NO_MESORREGIAO,Escola,Tabela_Escola_2025.csv,texto/categoria,Nome da Mesorregião,Valor oficial preservado sem recodificação na base integrada.,dimensão de agrupamento ou descrição,não
18,CO_MESORREGIAO,Escola,Tabela_Escola_2025.csv,identificador/código,Código da Mesorregião,Valor oficial preservado sem recodificação na base integrada.,dimensão de agrupamento ou descrição,não
19,NO_MICRORREGIAO,Escola,Tabela_Escola_2025.csv,texto/categoria,Nome da Microrregião,Valor oficial preservado sem recodificação na base integrada.,dimensão de agrupamento ou descrição,não
20,CO_MICRORREGIAO,Escola,Tabela_Escola_2025.csv,identificador/código,Código da Microrregião,Valor oficial preservado sem recodificação na base integrada.,dimensão de agrupamento ou descrição,não
21,NO_DISTRITO,Escola,Tabela_Escola_2025.csv,texto/categoria,Divisão Intramunicipal - Nome do Distrito,Valor oficial preservado sem recodificação na base integrada.,dimensão de agrupamento ou descrição,não
22,CO_DISTRITO,Escola,Tabela_Escola_2025.csv,identificador/código,Divisão Intramunicipal - Código do Distrito,Valor oficial preservado sem recodificação na base integrada.,dimensão de agrupamento ou descrição,não
23,NO_REGIAO_ADMINISTRATIVA,Escola,Tabela_Escola_2025.csv,texto/categoria,Nome da Região Administrativa referente exclusivamente às regiões administrativas do Distrito Federal (DF),Valor oficial preservado sem recodificação na base integrada.,dimensão de agrupamento ou descrição,não
24,CO_REGIAO_ADMINISTRATIVA,Escola,Tabela_Escola_2025.csv,identificador/código,Código da Região Administrativa referente exclusivamente às regiões administrativas do Distrito Federal (DF),Valor oficial preservado sem recodificação na base integrada.,dimensão de agrupamento ou descrição,não
25,NO_ENTIDADE,Escola,Tabela_Escola_2025.csv,texto/categoria,Nome da Escola,Valor oficial preservado sem recodificação na base integrada.,dimensão de agrupamento ou descrição,não
26,CO_ORGAO_REGIONAL,Escola,Tabela_Escola_2025.csv,identificador/código,Código do Órgão Regional de Ensino,Valor oficial preservado sem recodificação na base integrada.,dimensão de agrupamento ou descrição,não
27,IN_MEDIACAO_SEMIPRESENCIAL,Escola,Tabela_Escola_2025.csv,indicador binário,Mediação didático-pedagógica oferecida pela escola - Semipresencial,"Valor oficial preservado; nas tabelas analíticas, presença é definida por valor > 0.",contagem de escolas com valor > 0,não
28,IN_MEDIACAO_EAD,Escola,Tabela_Escola_2025.csv,indicador binário,Mediação didático-pedagógica oferecida pela escola - Educação a Distância - EAD,"Valor oficial preservado; nas tabelas analíticas, presença é definida por valor > 0.",contagem de escolas com valor > 0,não
29,IN_LABORATORIO_INFORMATICA,Escola,Tabela_Escola_2025.csv,indicador binário,Dependências físicas existentes e utilizadas na escola - Laboratório de informática,"Valor oficial preservado; nas tabelas analíticas, presença é definida por valor > 0.",contagem de escolas com valor > 0,sim
30,IN_SALA_PROFESSOR,Escola,Tabela_Escola_2025.csv,indicador binário,Dependências físicas existentes e utilizadas na escola - Sala de professores,"Valor oficial preservado; nas tabelas analíticas, presença é definida por valor > 0.",contagem de escolas com valor > 0,não
31,QT_SALAS_UTILIZADAS_DENTRO,Escola,Tabela_Escola_2025.csv,contagem inteira,Número de salas de aula utilizadas na escola - Dentro do prédio,Valor oficial preservado; ausências não são imputadas; 88888 é marcador oficial de extremo quando aplicável.,soma no grupo; ou binarização > 0 quando explicitado,não
32,QT_SALAS_UTILIZADAS_FORA,Escola,Tabela_Escola_2025.csv,contagem inteira,Número de salas de aula utilizadas na escola - Fora do prédio,Valor oficial preservado; ausências não são imputadas; 88888 é marcador oficial de extremo quando aplicável.,soma no grupo; ou binarização > 0 quando explicitado,não
33,QT_SALAS_UTILIZADAS,Escola,Tabela_Escola_2025.csv,contagem inteira,Número de salas de aula utilizadas na escola (dentro e fora do prédio),Valor oficial preservado; ausências não são imputadas; 88888 é marcador oficial de extremo quando aplicável.,soma no grupo; ou binarização > 0 quando explicitado,não
34,QT_SALAS_UTILIZA_CLIMATIZADAS,Escola,Tabela_Escola_2025.csv,contagem inteira,Condições das salas de aula utilizadas na escola (dentro e fora do prédio escolar) - Número de salas de aula climatizadas,Valor oficial preservado; ausências não são imputadas; 88888 é marcador oficial de extremo quando aplicável.,soma no grupo; ou binarização > 0 quando explicitado,não
35,QT_SALAS_UTILIZADAS_ACESSIVEIS,Escola,Tabela_Escola_2025.csv,contagem inteira,Condições das salas de aula utilizadas na escola (dentro e fora do prédio escolar) - Número de salas de aula com acessibilidade para pessoas com deficiência ou mobilidade reduzida,Valor oficial preservado; ausências não são imputadas; 88888 é marcador oficial de extremo quando aplicável.,soma no grupo; ou binarização > 0 quando explicitado,não
36,IN_COMPUTADOR,Escola,Tabela_Escola_2025.csv,indicador binário,Equipamentos existentes na escola para uso técnico e administrativo - Computador,"Valor oficial preservado; nas tabelas analíticas, presença é definida por valor > 0.",contagem de escolas com valor > 0,não
37,IN_EQUIP_COPIADORA,Escola,Tabela_Escola_2025.csv,indicador binário,Equipamentos existentes na escola para uso técnico e administrativo - Copiadora,"Valor oficial preservado; nas tabelas analíticas, presença é definida por valor > 0.",contagem de escolas com valor > 0,não
38,IN_EQUIP_IMPRESSORA,Escola,Tabela_Escola_2025.csv,indicador binário,Equipamentos existentes na escola para uso técnico e administrativo - Impressora,"Valor oficial preservado; nas tabelas analíticas, presença é definida por valor > 0.",contagem de escolas com valor > 0,não
39,IN_EQUIP_IMPRESSORA_MULT,Escola,Tabela_Escola_2025.csv,indicador binário,Equipamentos existentes na escola para uso técnico e administrativo - Impressora Multifuncional,"Valor oficial preservado; nas tabelas analíticas, presença é definida por valor > 0.",contagem de escolas com valor > 0,não
40,IN_EQUIP_SCANNER,Escola,Tabela_Escola_2025.csv,indicador binário,Equipamentos existentes na escola para uso técnico e administrativo - Scanner,"Valor oficial preservado; nas tabelas analíticas, presença é definida por valor > 0.",contagem de escolas com valor > 0,não
41,IN_EQUIP_NENHUM,Escola,Tabela_Escola_2025.csv,indicador binário,"Nenhum dos equipamentos listados para uso técnico e administrativo - Antena parabólica, Computador, Copiadora, Impressora, Impressora Multifuncional ou Scanner","Valor oficial preservado; nas tabelas analíticas, presença é definida por valor > 0.",contagem de escolas com valor > 0,não
42,IN_EQUIP_LOUSA_DIGITAL,Escola,Tabela_Escola_2025.csv,indicador binário,Equipamentos existentes na escola para o processo ensino e aprendizagem - Lousa digital,"Valor oficial preservado; nas tabelas analíticas, presença é definida por valor > 0.",contagem de escolas com valor > 0,não
43,QT_EQUIP_LOUSA_DIGITAL,Escola,Tabela_Escola_2025.csv,contagem inteira,Quantidade de Lousas digitais,Valor oficial preservado; ausências não são imputadas; 88888 é marcador oficial de extremo quando aplicável.,soma no grupo; ou binarização > 0 quando explicitado,não
44,IN_EQUIP_MULTIMIDIA,Escola,Tabela_Escola_2025.csv,indicador binário,Equipamentos existentes na escola para o processo ensino e aprendizagem - Projetor Multimídia (Datashow),"Valor oficial preservado; nas tabelas analíticas, presença é definida por valor > 0.",contagem de escolas com valor > 0,não
45,QT_EQUIP_MULTIMIDIA,Escola,Tabela_Escola_2025.csv,contagem inteira,Quantidade de Projetores Multimídia (Datashow),Valor oficial preservado; ausências não são imputadas; 88888 é marcador oficial de extremo quando aplicável.,soma no grupo; ou binarização > 0 quando explicitado,não
46,IN_DESKTOP_ALUNO,Escola,Tabela_Escola_2025.csv,indicador binário,Computadores em uso pelos alunos - Computador de mesa (desktop),"Valor oficial preservado; nas tabelas analíticas, presença é definida por valor > 0.",contagem de escolas com valor > 0,não
47,QT_DESKTOP_ALUNO,Escola,Tabela_Escola_2025.csv,contagem inteira,Quantidade de computadores em uso pelos alunos - Computador de mesa (desktop),Valor oficial preservado; ausências não são imputadas; 88888 é marcador oficial de extremo quando aplicável.,soma no grupo; ou binarização > 0 quando explicitado,não
48,IN_COMP_PORTATIL_ALUNO,Escola,Tabela_Escola_2025.csv,indicador binário,Computadores em uso pelos alunos - Computador portátil,"Valor oficial preservado; nas tabelas analíticas, presença é definida por valor > 0.",contagem de escolas com valor > 0,não
49,QT_COMP_PORTATIL_ALUNO,Escola,Tabela_Escola_2025.csv,contagem inteira,Quantidade de computadores em uso pelos alunos - Computador portátil,Valor oficial preservado; ausências não são imputadas; 88888 é marcador oficial de extremo quando aplicável.,soma no grupo; ou binarização > 0 quando explicitado,não
50,IN_TABLET_ALUNO,Escola,Tabela_Escola_2025.csv,indicador binário,Computadores em uso pelos alunos - Tablet,"Valor oficial preservado; nas tabelas analíticas, presença é definida por valor > 0.",contagem de escolas com valor > 0,não
51,QT_TABLET_ALUNO,Escola,Tabela_Escola_2025.csv,contagem inteira,Quantidade de computadores em uso pelos alunos - Tablet,Valor oficial preservado; ausências não são imputadas; 88888 é marcador oficial de extremo quando aplicável.,soma no grupo; ou binarização > 0 quando explicitado,não
52,IN_INTERNET,Escola,Tabela_Escola_2025.csv,indicador binário,Acesso à Internet,"Valor oficial preservado; nas tabelas analíticas, presença é definida por valor > 0.",contagem de escolas com valor > 0,sim
53,IN_INTERNET_ALUNOS,Escola,Tabela_Escola_2025.csv,indicador binário,Acesso à Internet - Para uso dos alunos,"Valor oficial preservado; nas tabelas analíticas, presença é definida por valor > 0.",contagem de escolas com valor > 0,sim
54,IN_INTERNET_APRENDIZAGEM,Escola,Tabela_Escola_2025.csv,indicador binário,Acesso à Internet - Para uso nos processos de ensino e aprendizagem,"Valor oficial preservado; nas tabelas analíticas, presença é definida por valor > 0.",contagem de escolas com valor > 0,sim
55,IN_ACESSO_INTERNET_COMPUTADOR,Escola,Tabela_Escola_2025.csv,indicador binário,"Equipamentos que os alunos usam para acessar a internet da escola - Computadores de mesa, portáteis e tablets da escola (no laboratório de informática, biblioteca, sala de aula etc.)","Valor oficial preservado; nas tabelas analíticas, presença é definida por valor > 0.",contagem de escolas com valor > 0,não
56,IN_ACES_INTERNET_DISP_PESSOAIS,Escola,Tabela_Escola_2025.csv,indicador binário,"Equipamentos que os alunos usam para acessar a internet da escola - Dispositivos pessoais (computadores portáteis, celulares, tablets etc.)","Valor oficial preservado; nas tabelas analíticas, presença é definida por valor > 0.",contagem de escolas com valor > 0,não
57,IN_BANDA_LARGA,Escola,Tabela_Escola_2025.csv,indicador binário,Internet Banda Larga,"Valor oficial preservado; nas tabelas analíticas, presença é definida por valor > 0.",contagem de escolas com valor > 0,não
58,IN_MATERIAL_PED_MULTIMIDIA,Escola,Tabela_Escola_2025.csv,indicador binário,Instrumentos e materiais socioculturais e/ou pedagógicos em uso na escola para o desenvolvimento de atividades de ensino e aprendizagem - Acervo multimídia,"Valor oficial preservado; nas tabelas analíticas, presença é definida por valor > 0.",contagem de escolas com valor > 0,não
59,QT_DOC_BAS,Docente,Tabela_Docente_2025.csv,contagem inteira,Número de Docentes da Educação Básica,Valor oficial preservado; ausências não são imputadas; 88888 é marcador oficial de extremo quando aplicável.,soma no grupo; ou binarização > 0 quando explicitado,não
60,QT_DOC_FUND,Docente,Tabela_Docente_2025.csv,contagem inteira,Número de Docentes do Ensino Fundamental,Valor oficial preservado; ausências não são imputadas; 88888 é marcador oficial de extremo quando aplicável.,soma no grupo; ou binarização > 0 quando explicitado,sim
61,QT_DOC_FUND_AI,Docente,Tabela_Docente_2025.csv,contagem inteira,Número de Docentes do Ensino Fundamental - Anos Iniciais,Valor oficial preservado; ausências não são imputadas; 88888 é marcador oficial de extremo quando aplicável.,soma no grupo; ou binarização > 0 quando explicitado,não
62,QT_DOC_FUND_AI_1,Docente,Tabela_Docente_2025.csv,contagem inteira,Número de Docentes do Ensino Fundamental - Anos Iniciais - 1º Ano,Valor oficial preservado; ausências não são imputadas; 88888 é marcador oficial de extremo quando aplicável.,soma no grupo; ou binarização > 0 quando explicitado,não
63,QT_DOC_FUND_AI_2,Docente,Tabela_Docente_2025.csv,contagem inteira,Número de Docentes do Ensino Fundamental - Anos Iniciais - 2º Ano,Valor oficial preservado; ausências não são imputadas; 88888 é marcador oficial de extremo quando aplicável.,soma no grupo; ou binarização > 0 quando explicitado,não
64,QT_DOC_FUND_AI_3,Docente,Tabela_Docente_2025.csv,contagem inteira,Número de Docentes do Ensino Fundamental - Anos Iniciais - 3º Ano,Valor oficial preservado; ausências não são imputadas; 88888 é marcador oficial de extremo quando aplicável.,soma no grupo; ou binarização > 0 quando explicitado,não
65,QT_DOC_FUND_AI_4,Docente,Tabela_Docente_2025.csv,contagem inteira,Número de Docentes do Ensino Fundamental - Anos Iniciais - 4º Ano,Valor oficial preservado; ausências não são imputadas; 88888 é marcador oficial de extremo quando aplicável.,soma no grupo; ou binarização > 0 quando explicitado,não
66,QT_DOC_FUND_AI_5,Docente,Tabela_Docente_2025.csv,contagem inteira,Número de Docentes do Ensino Fundamental - Anos Iniciais - 5º Ano,Valor oficial preservado; ausências não são imputadas; 88888 é marcador oficial de extremo quando aplicável.,soma no grupo; ou binarização > 0 quando explicitado,não
67,QT_DOC_FUND_AF,Docente,Tabela_Docente_2025.csv,contagem inteira,Número de Docentes do Ensino Fundamental - Anos Finais,Valor oficial preservado; ausências não são imputadas; 88888 é marcador oficial de extremo quando aplicável.,soma no grupo; ou binarização > 0 quando explicitado,não
68,QT_DOC_FUND_AF_6,Docente,Tabela_Docente_2025.csv,contagem inteira,Número de Docentes do Ensino Fundamental - Anos Finais - 6º Ano,Valor oficial preservado; ausências não são imputadas; 88888 é marcador oficial de extremo quando aplicável.,soma no grupo; ou binarização > 0 quando explicitado,não
69,QT_DOC_FUND_AF_7,Docente,Tabela_Docente_2025.csv,contagem inteira,Número de Docentes do Ensino Fundamental - Anos Finais - 7º Ano,Valor oficial preservado; ausências não são imputadas; 88888 é marcador oficial de extremo quando aplicável.,soma no grupo; ou binarização > 0 quando explicitado,não
70,QT_DOC_FUND_AF_8,Docente,Tabela_Docente_2025.csv,contagem inteira,Número de Docentes do Ensino Fundamental - Anos Finais - 8º Ano,Valor oficial preservado; ausências não são imputadas; 88888 é marcador oficial de extremo quando aplicável.,soma no grupo; ou binarização > 0 quando explicitado,não
71,QT_DOC_FUND_AF_9,Docente,Tabela_Docente_2025.csv,contagem inteira,Número de Docentes do Ensino Fundamental - Anos Finais - 9º Ano,Valor oficial preservado; ausências não são imputadas; 88888 é marcador oficial de extremo quando aplicável.,soma no grupo; ou binarização > 0 quando explicitado,não
72,QT_DOC_BAS_DISC_INFO_COMPUTACAO,Docente,Tabela_Docente_2025.csv,contagem inteira,Número de Docentes da Educação Básica - Disciplina que atua - /Componentes curriculares - Informática / Computação,Valor oficial preservado; ausências não são imputadas; 88888 é marcador oficial de extremo quando aplicável.,soma no grupo; ou binarização > 0 quando explicitado,sim
73,QT_DOC_FUND_AI_MULTIETAPA,Docente,Tabela_Docente_2025.csv,contagem inteira,Número de Docentes do Ensino Fundamental - Educação Infantil e Ensino Fundamental Multietapa,Valor oficial preservado; ausências não são imputadas; 88888 é marcador oficial de extremo quando aplicável.,soma no grupo; ou binarização > 0 quando explicitado,não
74,QT_DOC_FUND_AF_MULTI,Docente,Tabela_Docente_2025.csv,contagem inteira,Número de Docentes do Ensino Fundamental - Multi,Valor oficial preservado; ausências não são imputadas; 88888 é marcador oficial de extremo quando aplicável.,soma no grupo; ou binarização > 0 quando explicitado,não
75,QT_DOC_FUND_AF_CORRFLUXO,Docente,Tabela_Docente_2025.csv,contagem inteira,Número de Docentes do Ensino Fundamental - Correção de Fluxo,Valor oficial preservado; ausências não são imputadas; 88888 é marcador oficial de extremo quando aplicável.,soma no grupo; ou binarização > 0 quando explicitado,não
76,QT_DOC_BAS_0_24,Docente,Tabela_Docente_2025.csv,contagem inteira,Número de Docentes da Educação Básica - Até 24 anos de idade na data de referência do Censo Escolar (última quarta-feira do mês de maio de 2025),Valor oficial preservado; ausências não são imputadas; 88888 é marcador oficial de extremo quando aplicável.,soma no grupo; ou binarização > 0 quando explicitado,não
77,QT_DOC_BAS_25_29,Docente,Tabela_Docente_2025.csv,contagem inteira,Número de Docentes da Educação Básica - Entre 25 e 29 anos de idade na data de referência do Censo Escolar (última quarta-feira do mês de maio de 2025),Valor oficial preservado; ausências não são imputadas; 88888 é marcador oficial de extremo quando aplicável.,soma no grupo; ou binarização > 0 quando explicitado,não
78,QT_DOC_BAS_30_39,Docente,Tabela_Docente_2025.csv,contagem inteira,Número de Docentes da Educação Básica - Entre 30 e 39 anos de idade na data de referência do Censo Escolar (última quarta-feira do mês de maio de 2025),Valor oficial preservado; ausências não são imputadas; 88888 é marcador oficial de extremo quando aplicável.,soma no grupo; ou binarização > 0 quando explicitado,não
79,QT_DOC_BAS_40_49,Docente,Tabela_Docente_2025.csv,contagem inteira,Número de Docentes da Educação Básica - Entre 40 e 49 anos de idade na data de referência do Censo Escolar (última quarta-feira do mês de maio de 2025),Valor oficial preservado; ausências não são imputadas; 88888 é marcador oficial de extremo quando aplicável.,soma no grupo; ou binarização > 0 quando explicitado,não
80,QT_DOC_BAS_50_54,Docente,Tabela_Docente_2025.csv,contagem inteira,Número de Docentes da Educação Básica - Entre 50 e 54 anos de idade na data de referência do Censo Escolar (última quarta-feira do mês de maio de 2025),Valor oficial preservado; ausências não são imputadas; 88888 é marcador oficial de extremo quando aplicável.,soma no grupo; ou binarização > 0 quando explicitado,não
81,QT_DOC_BAS_55_59,Docente,Tabela_Docente_2025.csv,contagem inteira,Número de Docentes da Educação Básica - Entre 55 e 59 anos de idade na data de referência do Censo Escolar (última quarta-feira do mês de maio de 2025),Valor oficial preservado; ausências não são imputadas; 88888 é marcador oficial de extremo quando aplicável.,soma no grupo; ou binarização > 0 quando explicitado,não
82,QT_DOC_BAS_60_MAIS,Docente,Tabela_Docente_2025.csv,contagem inteira,Número de Docentes da Educação Básica - Com 60 ou mais anos de idade na data de referência do Censo Escolar (última quarta-feira do mês de maio de 2025),Valor oficial preservado; ausências não são imputadas; 88888 é marcador oficial de extremo quando aplicável.,soma no grupo; ou binarização > 0 quando explicitado,não
83,QT_DOC_BAS_ESCO_EF,Docente,Tabela_Docente_2025.csv,contagem inteira,Número de Docentes da Educação Básica - Maior nível de Escolaridade concluída - Ensino Fundamental,Valor oficial preservado; ausências não são imputadas; 88888 é marcador oficial de extremo quando aplicável.,soma no grupo; ou binarização > 0 quando explicitado,não
84,QT_DOC_BAS_ESCO_EM,Docente,Tabela_Docente_2025.csv,contagem inteira,Número de Docentes da Educação Básica - Maior nível de Escolaridade concluída - Ensino Médio,Valor oficial preservado; ausências não são imputadas; 88888 é marcador oficial de extremo quando aplicável.,soma no grupo; ou binarização > 0 quando explicitado,não
85,QT_DOC_BAS_ESCO_SUP_GRAD,Docente,Tabela_Docente_2025.csv,contagem inteira,Número de Docentes da Educação Básica - Maior nível de Escolaridade concluída - Educação Superior (Graduação),Valor oficial preservado; ausências não são imputadas; 88888 é marcador oficial de extremo quando aplicável.,soma no grupo; ou binarização > 0 quando explicitado,não
86,QT_DOC_BAS_ESCO_SUP_GRAD_LICEN,Docente,Tabela_Docente_2025.csv,contagem inteira,Número de Docentes da Educação Básica - Número de Docentes da Educação Básica - Maior nível de Escolaridade concluída - Educação Superior Licenciatura,Valor oficial preservado; ausências não são imputadas; 88888 é marcador oficial de extremo quando aplicável.,soma no grupo; ou binarização > 0 quando explicitado,não
87,QT_DOC_BAS_ESCO_SUP_GRAD_SLICEN,Docente,Tabela_Docente_2025.csv,contagem inteira,Número de Docentes da Educação Básica - Número de Docentes da Educação Básica - Maior nível de Escolaridade concluída - Educação Superior Sem Licenciatura,Valor oficial preservado; ausências não são imputadas; 88888 é marcador oficial de extremo quando aplicável.,soma no grupo; ou binarização > 0 quando explicitado,não
88,QT_DOC_BAS_ESCO_SUP_POS_ESPEC,Docente,Tabela_Docente_2025.csv,contagem inteira,Número de Docentes da Educação Básica - Pós-Graduação concluída - Especialização,Valor oficial preservado; ausências não são imputadas; 88888 é marcador oficial de extremo quando aplicável.,soma no grupo; ou binarização > 0 quando explicitado,não
89,QT_DOC_BAS_ESCO_SUP_POS_MESTRA,Docente,Tabela_Docente_2025.csv,contagem inteira,Número de Docentes da Educação Básica - Pós-Graduação concluída - Mestrado,Valor oficial preservado; ausências não são imputadas; 88888 é marcador oficial de extremo quando aplicável.,soma no grupo; ou binarização > 0 quando explicitado,não
90,QT_DOC_BAS_ESCO_SUP_POS_DOUTO,Docente,Tabela_Docente_2025.csv,contagem inteira,Número de Docentes da Educação Básica - Pós-Graduação concluída - Doutorado,Valor oficial preservado; ausências não são imputadas; 88888 é marcador oficial de extremo quando aplicável.,soma no grupo; ou binarização > 0 quando explicitado,não
91,QT_DOC_BAS_ESCO_SUP_POS_NENHUM,Docente,Tabela_Docente_2025.csv,contagem inteira,Número de Docentes da Educação Básica - Pós-Graduação concluída - Não tem pós-graduação concluída,Valor oficial preservado; ausências não são imputadas; 88888 é marcador oficial de extremo quando aplicável.,soma no grupo; ou binarização > 0 quando explicitado,não
92,QT_DOC_BAS_VINCULO_CONCUR,Docente,Tabela_Docente_2025.csv,contagem inteira,Número de Docentes da Educação Básica - Situação Funcional/Regime de contratação/Tipo de Vínculo (Apenas para docente de escola pública) - Concursado/efetivo/estável,Valor oficial preservado; ausências não são imputadas; 88888 é marcador oficial de extremo quando aplicável.,soma no grupo; ou binarização > 0 quando explicitado,não
93,QT_DOC_BAS_VINCULO_CONTRA,Docente,Tabela_Docente_2025.csv,contagem inteira,Número de Docentes da Educação Básica - Situação Funcional/Regime de contratação/Tipo de Vínculo (Apenas para docente de escola pública) - Contrato temporário,Valor oficial preservado; ausências não são imputadas; 88888 é marcador oficial de extremo quando aplicável.,soma no grupo; ou binarização > 0 quando explicitado,não
94,QT_DOC_BAS_VINCULO_TERCEIR,Docente,Tabela_Docente_2025.csv,contagem inteira,Número de Docentes da Educação Básica - Situação Funcional/Regime de contratação/Tipo de Vínculo (Apenas para docente de escola pública) - Contrato terceirizado,Valor oficial preservado; ausências não são imputadas; 88888 é marcador oficial de extremo quando aplicável.,soma no grupo; ou binarização > 0 quando explicitado,não
95,QT_DOC_BAS_VINCULO_CLT,Docente,Tabela_Docente_2025.csv,contagem inteira,Número de Docentes da Educação Básica - Situação Funcional/Regime de contratação/Tipo de Vínculo (Apenas para docente de escola pública) - Contrato CLT,Valor oficial preservado; ausências não são imputadas; 88888 é marcador oficial de extremo quando aplicável.,soma no grupo; ou binarização > 0 quando explicitado,não
96,QT_DOC_BAS_ESPEC_EDUC_TIC,Docente,Tabela_Docente_2025.csv,contagem inteira,Número de Docentes da Educação Básica - Outros cursos - Formação Continuada com no mínimo 80 horas - Educação e Tecnologia de Informação e Comunicação (TIC),Valor oficial preservado; ausências não são imputadas; 88888 é marcador oficial de extremo quando aplicável.,soma no grupo; ou binarização > 0 quando explicitado,sim
97,QT_DOC_BAS_ESPEC_ANOS_INICIAIS,Docente,Tabela_Docente_2025.csv,contagem inteira,Número de Docentes da Educação Básica - Outros cursos - Formação Continuada com no mínimo 80 horas - Específico para anos iniciais do ensino fundamental,Valor oficial preservado; ausências não são imputadas; 88888 é marcador oficial de extremo quando aplicável.,soma no grupo; ou binarização > 0 quando explicitado,não
98,QT_DOC_BAS_ESPEC_ANOS_FINAIS,Docente,Tabela_Docente_2025.csv,contagem inteira,Número de Docentes da Educação Básica - Outros cursos - Formação Continuada com no mínimo 80 horas - Específico para anos finais do ensino fundamental,Valor oficial preservado; ausências não são imputadas; 88888 é marcador oficial de extremo quando aplicável.,soma no grupo; ou binarização > 0 quando explicitado,não
99,QT_DOC_BAS_ESPEC_NENHUM,Docente,Tabela_Docente_2025.csv,contagem inteira,Número de Docentes da Educação Básica - Outros cursos - Formação Continuada com no mínimo 80 horas - Nenhum,Valor oficial preservado; ausências não são imputadas; 88888 é marcador oficial de extremo quando aplicável.,soma no grupo; ou binarização > 0 quando explicitado,não
100,QT_DOC_BAS_DISC_LINGUA_PORT,Docente,Tabela_Docente_2025.csv,contagem inteira,Número de Docentes da Educação Básica - Disciplina que atua - Áreas do conhecimento/Componentes curriculares - Língua/ Literatura Portuguesa,Valor oficial preservado; ausências não são imputadas; 88888 é marcador oficial de extremo quando aplicável.,soma no grupo; ou binarização > 0 quando explicitado,não
101,QT_DOC_BAS_DISC_EDUC_FISICA,Docente,Tabela_Docente_2025.csv,contagem inteira,Número de Docentes da Educação Básica - Disciplina que atua - Áreas do conhecimento/Componentes curriculares - Educação Física,Valor oficial preservado; ausências não são imputadas; 88888 é marcador oficial de extremo quando aplicável.,soma no grupo; ou binarização > 0 quando explicitado,não
102,QT_DOC_BAS_DISC_ARTES,Docente,Tabela_Docente_2025.csv,contagem inteira,"Número de Docentes da Educação Básica - Disciplina que atua - Áreas do conhecimento/Componentes curriculares - Artes (Educação Artística, Teatro, Dança, Música, Artes Plásticas e outras)",Valor oficial preservado; ausências não são imputadas; 88888 é marcador oficial de extremo quando aplicável.,soma no grupo; ou binarização > 0 quando explicitado,não
103,QT_DOC_BAS_DISC_LINGUA_ING,Docente,Tabela_Docente_2025.csv,contagem inteira,Número de Docentes da Educação Básica - Disciplina que atua - Áreas do conhecimento/Componentes curriculares - Língua/ Literatura estrangeira - Inglês,Valor oficial preservado; ausências não são imputadas; 88888 é marcador oficial de extremo quando aplicável.,soma no grupo; ou binarização > 0 quando explicitado,não
104,QT_DOC_BAS_DISC_LINGUA_ESPA,Docente,Tabela_Docente_2025.csv,contagem inteira,Número de Docentes da Educação Básica - Disciplina que atua - Áreas do conhecimento/Componentes curriculares - Língua/ Literatura estrangeira - Espanhol,Valor oficial preservado; ausências não são imputadas; 88888 é marcador oficial de extremo quando aplicável.,soma no grupo; ou binarização > 0 quando explicitado,não
105,QT_DOC_BAS_DISC_LINGUA_FRANC,Docente,Tabela_Docente_2025.csv,contagem inteira,Número de Docentes da Educação Básica - Disciplina que atua - Áreas do conhecimento/Componentes curriculares - Língua/ Literatura estrangeira - Francês,Valor oficial preservado; ausências não são imputadas; 88888 é marcador oficial de extremo quando aplicável.,soma no grupo; ou binarização > 0 quando explicitado,não
106,QT_DOC_BAS_DISC_LINGUA_OUTRA,Docente,Tabela_Docente_2025.csv,contagem inteira,Número de Docentes da Educação Básica - Disciplina que atua - Áreas do conhecimento/Componentes curriculares - Língua/ Literatura estrangeira - Outra,Valor oficial preservado; ausências não são imputadas; 88888 é marcador oficial de extremo quando aplicável.,soma no grupo; ou binarização > 0 quando explicitado,não
107,QT_DOC_BAS_DISC_LIBRAS,Docente,Tabela_Docente_2025.csv,contagem inteira,Número de Docentes da Educação Básica - Disciplina que atua - Áreas do conhecimento/Componentes curriculares - Libras,Valor oficial preservado; ausências não são imputadas; 88888 é marcador oficial de extremo quando aplicável.,soma no grupo; ou binarização > 0 quando explicitado,não
108,QT_DOC_BAS_DISC_LINGUA_INDIG,Docente,Tabela_Docente_2025.csv,contagem inteira,Número de Docentes da Educação Básica - Disciplina que atua - /Componentes curriculares - Língua Indígena,Valor oficial preservado; ausências não são imputadas; 88888 é marcador oficial de extremo quando aplicável.,soma no grupo; ou binarização > 0 quando explicitado,não
109,QT_DOC_BAS_DISC_PORT_SEG_LINGUA,Docente,Tabela_Docente_2025.csv,contagem inteira,Número de Docentes da Educação Básica - Disciplina que atua - /Componentes curriculares - Língua Portuguesa como segunda língua,Valor oficial preservado; ausências não são imputadas; 88888 é marcador oficial de extremo quando aplicável.,soma no grupo; ou binarização > 0 quando explicitado,não
110,QT_DOC_BAS_DISC_MATEMATICA,Docente,Tabela_Docente_2025.csv,contagem inteira,Número de Docentes da Educação Básica - Disciplina que atua - /Componentes curriculares - Matemática,Valor oficial preservado; ausências não são imputadas; 88888 é marcador oficial de extremo quando aplicável.,soma no grupo; ou binarização > 0 quando explicitado,não
111,QT_DOC_BAS_DISC_CIENCIAS,Docente,Tabela_Docente_2025.csv,contagem inteira,Número de Docentes da Educação Básica - Disciplina que atua - /Componentes curriculares - Ciências,Valor oficial preservado; ausências não são imputadas; 88888 é marcador oficial de extremo quando aplicável.,soma no grupo; ou binarização > 0 quando explicitado,não
112,QT_DOC_BAS_DISC_FISICA,Docente,Tabela_Docente_2025.csv,contagem inteira,Número de Docentes da Educação Básica - Disciplina que atua - /Componentes curriculares - Física,Valor oficial preservado; ausências não são imputadas; 88888 é marcador oficial de extremo quando aplicável.,soma no grupo; ou binarização > 0 quando explicitado,não
113,QT_DOC_BAS_DISC_QUIMICA,Docente,Tabela_Docente_2025.csv,contagem inteira,Número de Docentes da Educação Básica - Disciplina que atua - /Componentes curriculares - Química,Valor oficial preservado; ausências não são imputadas; 88888 é marcador oficial de extremo quando aplicável.,soma no grupo; ou binarização > 0 quando explicitado,não
114,QT_DOC_BAS_DISC_BIOLOGIA,Docente,Tabela_Docente_2025.csv,contagem inteira,Número de Docentes da Educação Básica - Disciplina que atua - /Componentes curriculares - Biologia,Valor oficial preservado; ausências não são imputadas; 88888 é marcador oficial de extremo quando aplicável.,soma no grupo; ou binarização > 0 quando explicitado,não
115,QT_DOC_BAS_DISC_HISTORIA,Docente,Tabela_Docente_2025.csv,contagem inteira,Número de Docentes da Educação Básica - Disciplina que atua - /Componentes curriculares - História,Valor oficial preservado; ausências não são imputadas; 88888 é marcador oficial de extremo quando aplicável.,soma no grupo; ou binarização > 0 quando explicitado,não
116,QT_DOC_BAS_DISC_GEOGRAFIA,Docente,Tabela_Docente_2025.csv,contagem inteira,Número de Docentes da Educação Básica - Disciplina que atua - /Componentes curriculares - Geografia,Valor oficial preservado; ausências não são imputadas; 88888 é marcador oficial de extremo quando aplicável.,soma no grupo; ou binarização > 0 quando explicitado,não
117,QT_DOC_BAS_DISC_SOCIOLOGIA,Docente,Tabela_Docente_2025.csv,contagem inteira,Número de Docentes da Educação Básica - Disciplina que atua - /Componentes curriculares - Sociologia,Valor oficial preservado; ausências não são imputadas; 88888 é marcador oficial de extremo quando aplicável.,soma no grupo; ou binarização > 0 quando explicitado,não
118,QT_DOC_BAS_DISC_FILOSOFIA,Docente,Tabela_Docente_2025.csv,contagem inteira,Número de Docentes da Educação Básica - Disciplina que atua - /Componentes curriculares - Filosofia,Valor oficial preservado; ausências não são imputadas; 88888 é marcador oficial de extremo quando aplicável.,soma no grupo; ou binarização > 0 quando explicitado,não
119,QT_DOC_BAS_DISC_EST_SOCIAIS,Docente,Tabela_Docente_2025.csv,contagem inteira,Número de Docentes da Educação Básica - Disciplina que atua - /Componentes curriculares - Estudos Sociais,Valor oficial preservado; ausências não são imputadas; 88888 é marcador oficial de extremo quando aplicável.,soma no grupo; ou binarização > 0 quando explicitado,não
120,QT_DOC_BAS_DISC_EST_SOCIAIS_SOCI,Docente,Tabela_Docente_2025.csv,contagem inteira,Número de Docentes da Educação Básica - Disciplina que atua - /Componentes curriculares - Estudos Sociais ou Sociologia,Valor oficial preservado; ausências não são imputadas; 88888 é marcador oficial de extremo quando aplicável.,soma no grupo; ou binarização > 0 quando explicitado,não
121,QT_DOC_BAS_DISC_ENSINO_RELIGIOSO,Docente,Tabela_Docente_2025.csv,contagem inteira,Número de Docentes da Educação Básica - Disciplina que atua - /Componentes curriculares - Ensino Religioso,Valor oficial preservado; ausências não são imputadas; 88888 é marcador oficial de extremo quando aplicável.,soma no grupo; ou binarização > 0 quando explicitado,não
122,QT_DOC_BAS_DISC_PROFISSIONA,Docente,Tabela_Docente_2025.csv,contagem inteira,Número de Docentes da Educação Básica - Disciplina que atua - /Componentes curriculares - Disciplinas dos cursos técnicos profissionais,Valor oficial preservado; ausências não são imputadas; 88888 é marcador oficial de extremo quando aplicável.,soma no grupo; ou binarização > 0 quando explicitado,não
123,QT_DOC_BAS_DISC_ESTAGIO_SUPER,Docente,Tabela_Docente_2025.csv,contagem inteira,Número de Docentes da Educação Básica - Disciplina que atua - /Componentes curriculares - Estágio curricular supervisionado,Valor oficial preservado; ausências não são imputadas; 88888 é marcador oficial de extremo quando aplicável.,soma no grupo; ou binarização > 0 quando explicitado,não
124,QT_DOC_BAS_DISC_PEDAGOGICAS,Docente,Tabela_Docente_2025.csv,contagem inteira,Número de Docentes da Educação Básica - Disciplina que atua - /Componentes curriculares - Disciplinas pedagógicas,Valor oficial preservado; ausências não são imputadas; 88888 é marcador oficial de extremo quando aplicável.,soma no grupo; ou binarização > 0 quando explicitado,não
125,QT_DOC_BAS_DISC_PROJETO_DE_VIDA,Docente,Tabela_Docente_2025.csv,contagem inteira,Número de Docentes da Educação Básica - Disciplina que atua - /Componentes curriculares - Projeto de vida,Valor oficial preservado; ausências não são imputadas; 88888 é marcador oficial de extremo quando aplicável.,soma no grupo; ou binarização > 0 quando explicitado,não
126,QT_DOC_BAS_DISC_OUTRAS,Docente,Tabela_Docente_2025.csv,contagem inteira,Número de Docentes da Educação Básica - Disciplina que atua - /Componentes curriculares - Outras disciplinas,Valor oficial preservado; ausências não são imputadas; 88888 é marcador oficial de extremo quando aplicável.,soma no grupo; ou binarização > 0 quando explicitado,não
127,QT_TUR_BAS,Turma,Tabela_Turma_2025.csv,contagem inteira,Número de Turmas da Educação Básica,Valor oficial preservado; ausências não são imputadas; 88888 é marcador oficial de extremo quando aplicável.,soma no grupo; ou binarização > 0 quando explicitado,não
128,QT_TUR_FUND,Turma,Tabela_Turma_2025.csv,contagem inteira,Número de Turmas do Ensino Fundamental,Valor oficial preservado; ausências não são imputadas; 88888 é marcador oficial de extremo quando aplicável.,soma no grupo; ou binarização > 0 quando explicitado,sim
129,QT_TUR_FUND_AI,Turma,Tabela_Turma_2025.csv,contagem inteira,Número de Turmas do Ensino Fundamental - Anos Iniciais,Valor oficial preservado; ausências não são imputadas; 88888 é marcador oficial de extremo quando aplicável.,soma no grupo; ou binarização > 0 quando explicitado,sim
130,QT_TUR_FUND_AI_1,Turma,Tabela_Turma_2025.csv,contagem inteira,Número de Turmas do Ensino Fundamental - Anos Iniciais - 1º Ano,Valor oficial preservado; ausências não são imputadas; 88888 é marcador oficial de extremo quando aplicável.,soma no grupo; ou binarização > 0 quando explicitado,sim
131,QT_TUR_FUND_AI_2,Turma,Tabela_Turma_2025.csv,contagem inteira,Número de Turmas do Ensino Fundamental - Anos Iniciais - 2º Ano,Valor oficial preservado; ausências não são imputadas; 88888 é marcador oficial de extremo quando aplicável.,soma no grupo; ou binarização > 0 quando explicitado,sim
132,QT_TUR_FUND_AI_3,Turma,Tabela_Turma_2025.csv,contagem inteira,Número de Turmas do Ensino Fundamental - Anos Iniciais - 3º Ano,Valor oficial preservado; ausências não são imputadas; 88888 é marcador oficial de extremo quando aplicável.,soma no grupo; ou binarização > 0 quando explicitado,sim
133,QT_TUR_FUND_AI_4,Turma,Tabela_Turma_2025.csv,contagem inteira,Número de Turmas do Ensino Fundamental - Anos Iniciais - 4º Ano,Valor oficial preservado; ausências não são imputadas; 88888 é marcador oficial de extremo quando aplicável.,soma no grupo; ou binarização > 0 quando explicitado,sim
134,QT_TUR_FUND_AI_5,Turma,Tabela_Turma_2025.csv,contagem inteira,Número de Turmas do Ensino Fundamental - Anos Iniciais - 5º Ano,Valor oficial preservado; ausências não são imputadas; 88888 é marcador oficial de extremo quando aplicável.,soma no grupo; ou binarização > 0 quando explicitado,sim
135,QT_TUR_FUND_AF,Turma,Tabela_Turma_2025.csv,contagem inteira,Número de Turmas do Ensino Fundamental - Anos Finais,Valor oficial preservado; ausências não são imputadas; 88888 é marcador oficial de extremo quando aplicável.,soma no grupo; ou binarização > 0 quando explicitado,sim
136,QT_TUR_FUND_AF_6,Turma,Tabela_Turma_2025.csv,contagem inteira,Número de Turmas do Ensino Fundamental - Anos Finais - 6º Ano,Valor oficial preservado; ausências não são imputadas; 88888 é marcador oficial de extremo quando aplicável.,soma no grupo; ou binarização > 0 quando explicitado,não
137,QT_TUR_FUND_AF_7,Turma,Tabela_Turma_2025.csv,contagem inteira,Número de Turmas do Ensino Fundamental - Anos Finais - 7º Ano,Valor oficial preservado; ausências não são imputadas; 88888 é marcador oficial de extremo quando aplicável.,soma no grupo; ou binarização > 0 quando explicitado,não
138,QT_TUR_FUND_AF_8,Turma,Tabela_Turma_2025.csv,contagem inteira,Número de Turmas do Ensino Fundamental - Anos Finais - 8º Ano,Valor oficial preservado; ausências não são imputadas; 88888 é marcador oficial de extremo quando aplicável.,soma no grupo; ou binarização > 0 quando explicitado,não
139,QT_TUR_FUND_AF_9,Turma,Tabela_Turma_2025.csv,contagem inteira,Número de Turmas do Ensino Fundamental - Anos Finais - 9º Ano,Valor oficial preservado; ausências não são imputadas; 88888 é marcador oficial de extremo quando aplicável.,soma no grupo; ou binarização > 0 quando explicitado,não
140,QT_TUR_BAS_DISC_INFO_COMPUTACAO,Turma,Tabela_Turma_2025.csv,contagem inteira,Áreas do conhecimento/Componentes curriculares - Informática / Computação,Valor oficial preservado; ausências não são imputadas; 88888 é marcador oficial de extremo quando aplicável.,soma no grupo; ou binarização > 0 quando explicitado,sim
141,QT_TUR_FUND_AI_MULTIETAPA,Turma,Tabela_Turma_2025.csv,contagem inteira,Número de Turmas do Ensino Fundamental - Educação Infantil e Ensino Fundamental Multietapa,Valor oficial preservado; ausências não são imputadas; 88888 é marcador oficial de extremo quando aplicável.,soma no grupo; ou binarização > 0 quando explicitado,sim
142,QT_TUR_FUND_AF_MULTI,Turma,Tabela_Turma_2025.csv,contagem inteira,Número de Turmas do Ensino Fundamental - Multi,Valor oficial preservado; ausências não são imputadas; 88888 é marcador oficial de extremo quando aplicável.,soma no grupo; ou binarização > 0 quando explicitado,não
143,QT_TUR_FUND_AF_CORRFLUXO,Turma,Tabela_Turma_2025.csv,contagem inteira,Número de Turmas do Ensino Fundamental - Correção de Fluxo,Valor oficial preservado; ausências não são imputadas; 88888 é marcador oficial de extremo quando aplicável.,soma no grupo; ou binarização > 0 quando explicitado,não
144,QT_TUR_FUND_D,Turma,Tabela_Turma_2025.csv,contagem inteira,Número de Turmas do Ensino Fundamental - Turno Diurno,Valor oficial preservado; ausências não são imputadas; 88888 é marcador oficial de extremo quando aplicável.,soma no grupo; ou binarização > 0 quando explicitado,não
145,QT_TUR_FUND_DM,Turma,Tabela_Turma_2025.csv,contagem inteira,Número de Turmas do Ensino Fundamental - Turno Diurno - Matutino,Valor oficial preservado; ausências não são imputadas; 88888 é marcador oficial de extremo quando aplicável.,soma no grupo; ou binarização > 0 quando explicitado,não
146,QT_TUR_FUND_DV,Turma,Tabela_Turma_2025.csv,contagem inteira,Número de Turmas do Ensino Fundamental - Turno Diurno - Vespertino,Valor oficial preservado; ausências não são imputadas; 88888 é marcador oficial de extremo quando aplicável.,soma no grupo; ou binarização > 0 quando explicitado,não
147,QT_TUR_FUND_N,Turma,Tabela_Turma_2025.csv,contagem inteira,Número de Turmas do Ensino Fundamental - Turno Noturno,Valor oficial preservado; ausências não são imputadas; 88888 é marcador oficial de extremo quando aplicável.,soma no grupo; ou binarização > 0 quando explicitado,não
148,QT_TUR_FUND_AI_D,Turma,Tabela_Turma_2025.csv,contagem inteira,Número de Turmas do Ensino Fundamental - Anos Iniciais - Turno Diurno,Valor oficial preservado; ausências não são imputadas; 88888 é marcador oficial de extremo quando aplicável.,soma no grupo; ou binarização > 0 quando explicitado,não
149,QT_TUR_FUND_AI_DM,Turma,Tabela_Turma_2025.csv,contagem inteira,Número de Turmas do Ensino Fundamental - Anos Iniciais - Turno Diurno - Matutino,Valor oficial preservado; ausências não são imputadas; 88888 é marcador oficial de extremo quando aplicável.,soma no grupo; ou binarização > 0 quando explicitado,não
150,QT_TUR_FUND_AI_DV,Turma,Tabela_Turma_2025.csv,contagem inteira,Número de Turmas do Ensino Fundamental - Anos Iniciais - Turno Diurno - Vespertino,Valor oficial preservado; ausências não são imputadas; 88888 é marcador oficial de extremo quando aplicável.,soma no grupo; ou binarização > 0 quando explicitado,não
151,QT_TUR_FUND_AI_N,Turma,Tabela_Turma_2025.csv,contagem inteira,Número de Turmas do Ensino Fundamental - Anos Iniciais - Turno Noturno,Valor oficial preservado; ausências não são imputadas; 88888 é marcador oficial de extremo quando aplicável.,soma no grupo; ou binarização > 0 quando explicitado,não
152,QT_TUR_FUND_AF_D,Turma,Tabela_Turma_2025.csv,contagem inteira,Número de Turmas do Ensino Fundamental - Anos Finais - Turno Diurno,Valor oficial preservado; ausências não são imputadas; 88888 é marcador oficial de extremo quando aplicável.,soma no grupo; ou binarização > 0 quando explicitado,não
153,QT_TUR_FUND_AF_DM,Turma,Tabela_Turma_2025.csv,contagem inteira,Número de Turmas do Ensino Fundamental - Anos Finais - Turno Diurno - Matutino,Valor oficial preservado; ausências não são imputadas; 88888 é marcador oficial de extremo quando aplicável.,soma no grupo; ou binarização > 0 quando explicitado,não
154,QT_TUR_FUND_AF_DV,Turma,Tabela_Turma_2025.csv,contagem inteira,Número de Turmas do Ensino Fundamental - Anos Finais - Turno Diurno - Vespertino,Valor oficial preservado; ausências não são imputadas; 88888 é marcador oficial de extremo quando aplicável.,soma no grupo; ou binarização > 0 quando explicitado,não
155,QT_TUR_FUND_AF_N,Turma,Tabela_Turma_2025.csv,contagem inteira,Número de Turmas do Ensino Fundamental - Anos Finais - Turno Noturno,Valor oficial preservado; ausências não são imputadas; 88888 é marcador oficial de extremo quando aplicável.,soma no grupo; ou binarização > 0 quando explicitado,não
156,QT_TUR_FUND_INT,Turma,Tabela_Turma_2025.csv,contagem inteira,Número de Turmas do Ensino Fundamental - Tempo Integral,Valor oficial preservado; ausências não são imputadas; 88888 é marcador oficial de extremo quando aplicável.,soma no grupo; ou binarização > 0 quando explicitado,não
157,QT_TUR_FUND_AI_INT,Turma,Tabela_Turma_2025.csv,contagem inteira,Número de Turmas do Ensino Fundamental - Anos Iniciais - Tempo Integral,Valor oficial preservado; ausências não são imputadas; 88888 é marcador oficial de extremo quando aplicável.,soma no grupo; ou binarização > 0 quando explicitado,não
158,QT_TUR_FUND_AF_INT,Turma,Tabela_Turma_2025.csv,contagem inteira,Número de Turmas do Ensino Fundamental - Anos Finais - Tempo Integral,Valor oficial preservado; ausências não são imputadas; 88888 é marcador oficial de extremo quando aplicável.,soma no grupo; ou binarização > 0 quando explicitado,não
159,QT_TUR_BAS_DISC_LINGUA_PORT,Turma,Tabela_Turma_2025.csv,contagem inteira,Áreas do conhecimento/Componentes curriculares - Língua/ Literatura Portuguesa,Valor oficial preservado; ausências não são imputadas; 88888 é marcador oficial de extremo quando aplicável.,soma no grupo; ou binarização > 0 quando explicitado,sim
160,QT_TUR_BAS_DISC_EDUC_FISICA,Turma,Tabela_Turma_2025.csv,contagem inteira,Áreas do conhecimento/Componentes curriculares - Educação Física,Valor oficial preservado; ausências não são imputadas; 88888 é marcador oficial de extremo quando aplicável.,soma no grupo; ou binarização > 0 quando explicitado,não
161,QT_TUR_BAS_DISC_ARTES,Turma,Tabela_Turma_2025.csv,contagem inteira,"Áreas do conhecimento/Componentes curriculares - Artes (Educação Artística, Teatro, Dança, Música, Artes Plásticas e outras)",Valor oficial preservado; ausências não são imputadas; 88888 é marcador oficial de extremo quando aplicável.,soma no grupo; ou binarização > 0 quando explicitado,sim
162,QT_TUR_BAS_DISC_LINGUA_ING,Turma,Tabela_Turma_2025.csv,contagem inteira,Áreas do conhecimento/Componentes curriculares - Língua/ Literatura estrangeira - Inglês,Valor oficial preservado; ausências não são imputadas; 88888 é marcador oficial de extremo quando aplicável.,soma no grupo; ou binarização > 0 quando explicitado,sim
163,QT_TUR_BAS_DISC_LINGUA_ESPA,Turma,Tabela_Turma_2025.csv,contagem inteira,Áreas do conhecimento/Componentes curriculares - Língua/ Literatura estrangeira - Espanhol,Valor oficial preservado; ausências não são imputadas; 88888 é marcador oficial de extremo quando aplicável.,soma no grupo; ou binarização > 0 quando explicitado,não
164,QT_TUR_BAS_DISC_LINGUA_FRANC,Turma,Tabela_Turma_2025.csv,contagem inteira,Áreas do conhecimento/Componentes curriculares - Língua/ Literatura estrangeira - Francês,Valor oficial preservado; ausências não são imputadas; 88888 é marcador oficial de extremo quando aplicável.,soma no grupo; ou binarização > 0 quando explicitado,não
165,QT_TUR_BAS_DISC_LINGUA_OUTRA,Turma,Tabela_Turma_2025.csv,contagem inteira,Áreas do conhecimento/Componentes curriculares - Língua/ Literatura estrangeira - Outra,Valor oficial preservado; ausências não são imputadas; 88888 é marcador oficial de extremo quando aplicável.,soma no grupo; ou binarização > 0 quando explicitado,não
166,QT_TUR_BAS_DISC_LIBRAS,Turma,Tabela_Turma_2025.csv,contagem inteira,Áreas do conhecimento/Componentes curriculares - Libras,Valor oficial preservado; ausências não são imputadas; 88888 é marcador oficial de extremo quando aplicável.,soma no grupo; ou binarização > 0 quando explicitado,não
167,QT_TUR_BAS_DISC_LINGUA_INDIG,Turma,Tabela_Turma_2025.csv,contagem inteira,Áreas do conhecimento/Componentes curriculares - Língua Indígena,Valor oficial preservado; ausências não são imputadas; 88888 é marcador oficial de extremo quando aplicável.,soma no grupo; ou binarização > 0 quando explicitado,não
168,QT_TUR_BAS_DISC_PORT_SEG_LINGUA,Turma,Tabela_Turma_2025.csv,contagem inteira,Áreas do conhecimento/Componentes curriculares - Língua Portuguesa como segunda língua,Valor oficial preservado; ausências não são imputadas; 88888 é marcador oficial de extremo quando aplicável.,soma no grupo; ou binarização > 0 quando explicitado,não
169,QT_TUR_BAS_DISC_MATEMATICA,Turma,Tabela_Turma_2025.csv,contagem inteira,Áreas do conhecimento/Componentes curriculares - Matemática,Valor oficial preservado; ausências não são imputadas; 88888 é marcador oficial de extremo quando aplicável.,soma no grupo; ou binarização > 0 quando explicitado,sim
170,QT_TUR_BAS_DISC_CIENCIAS,Turma,Tabela_Turma_2025.csv,contagem inteira,Áreas do conhecimento/Componentes curriculares - Ciências,Valor oficial preservado; ausências não são imputadas; 88888 é marcador oficial de extremo quando aplicável.,soma no grupo; ou binarização > 0 quando explicitado,sim
171,QT_TUR_BAS_DISC_FISICA,Turma,Tabela_Turma_2025.csv,contagem inteira,Áreas do conhecimento/Componentes curriculares - Física,Valor oficial preservado; ausências não são imputadas; 88888 é marcador oficial de extremo quando aplicável.,soma no grupo; ou binarização > 0 quando explicitado,não
172,QT_TUR_BAS_DISC_QUIMICA,Turma,Tabela_Turma_2025.csv,contagem inteira,Áreas do conhecimento/Componentes curriculares - Química,Valor oficial preservado; ausências não são imputadas; 88888 é marcador oficial de extremo quando aplicável.,soma no grupo; ou binarização > 0 quando explicitado,não
173,QT_TUR_BAS_DISC_BIOLOGIA,Turma,Tabela_Turma_2025.csv,contagem inteira,Áreas do conhecimento/Componentes curriculares - Biologia,Valor oficial preservado; ausências não são imputadas; 88888 é marcador oficial de extremo quando aplicável.,soma no grupo; ou binarização > 0 quando explicitado,não
174,QT_TUR_BAS_DISC_HISTORIA,Turma,Tabela_Turma_2025.csv,contagem inteira,Áreas do conhecimento/Componentes curriculares - História,Valor oficial preservado; ausências não são imputadas; 88888 é marcador oficial de extremo quando aplicável.,soma no grupo; ou binarização > 0 quando explicitado,não
175,QT_TUR_BAS_DISC_GEOGRAFIA,Turma,Tabela_Turma_2025.csv,contagem inteira,Áreas do conhecimento/Componentes curriculares - Geografia,Valor oficial preservado; ausências não são imputadas; 88888 é marcador oficial de extremo quando aplicável.,soma no grupo; ou binarização > 0 quando explicitado,não
176,QT_TUR_BAS_DISC_SOCIOLOGIA,Turma,Tabela_Turma_2025.csv,contagem inteira,Áreas do conhecimento/Componentes curriculares - Sociologia,Valor oficial preservado; ausências não são imputadas; 88888 é marcador oficial de extremo quando aplicável.,soma no grupo; ou binarização > 0 quando explicitado,não
177,QT_TUR_BAS_DISC_FILOSOFIA,Turma,Tabela_Turma_2025.csv,contagem inteira,Áreas do conhecimento/Componentes curriculares - Filosofia,Valor oficial preservado; ausências não são imputadas; 88888 é marcador oficial de extremo quando aplicável.,soma no grupo; ou binarização > 0 quando explicitado,não
178,QT_TUR_BAS_DISC_EST_SOCIAIS,Turma,Tabela_Turma_2025.csv,contagem inteira,Áreas do conhecimento/Componentes curriculares - Estudos Sociais,Valor oficial preservado; ausências não são imputadas; 88888 é marcador oficial de extremo quando aplicável.,soma no grupo; ou binarização > 0 quando explicitado,não
179,QT_TUR_BAS_DISC_EST_SOCIAIS_SOCI,Turma,Tabela_Turma_2025.csv,contagem inteira,Áreas do conhecimento/Componentes curriculares - Estudos Sociais ou Sociologia,Valor oficial preservado; ausências não são imputadas; 88888 é marcador oficial de extremo quando aplicável.,soma no grupo; ou binarização > 0 quando explicitado,não
180,QT_TUR_BAS_DISC_ENSINO_RELIGIOSO,Turma,Tabela_Turma_2025.csv,contagem inteira,Áreas do conhecimento/Componentes curriculares - Ensino Religioso,Valor oficial preservado; ausências não são imputadas; 88888 é marcador oficial de extremo quando aplicável.,soma no grupo; ou binarização > 0 quando explicitado,não
181,QT_TUR_BAS_DISC_PROFISSIONA,Turma,Tabela_Turma_2025.csv,contagem inteira,Áreas do conhecimento/Componentes curriculares - Disciplinas dos cursos técnicos profissionais,Valor oficial preservado; ausências não são imputadas; 88888 é marcador oficial de extremo quando aplicável.,soma no grupo; ou binarização > 0 quando explicitado,não
182,QT_TUR_BAS_DISC_ESTAGIO_SUPER,Turma,Tabela_Turma_2025.csv,contagem inteira,Áreas do conhecimento/Componentes curriculares - Estágio curricular supervisionado,Valor oficial preservado; ausências não são imputadas; 88888 é marcador oficial de extremo quando aplicável.,soma no grupo; ou binarização > 0 quando explicitado,não
183,QT_TUR_BAS_DISC_PEDAGOGICAS,Turma,Tabela_Turma_2025.csv,contagem inteira,Áreas do conhecimento/Componentes curriculares - Disciplinas pedagógicas,Valor oficial preservado; ausências não são imputadas; 88888 é marcador oficial de extremo quando aplicável.,soma no grupo; ou binarização > 0 quando explicitado,não
184,QT_TUR_BAS_DISC_PROJETO_DE_VIDA,Turma,Tabela_Turma_2025.csv,contagem inteira,Áreas do conhecimento/Componentes curriculares - Projeto de vida,Valor oficial preservado; ausências não são imputadas; 88888 é marcador oficial de extremo quando aplicável.,soma no grupo; ou binarização > 0 quando explicitado,não
185,QT_TUR_BAS_DISC_OUTRAS,Turma,Tabela_Turma_2025.csv,contagem inteira,Áreas do conhecimento/Componentes curriculares - Outras disciplinas,Valor oficial preservado; ausências não são imputadas; 88888 é marcador oficial de extremo quando aplicável.,soma no grupo; ou binarização > 0 quando explicitado,não
186,QT_MAT_BAS,Matrícula,Tabela_Matricula_2025.csv,contagem inteira,Número de Matrículas da Educação Básica,Valor oficial preservado; ausências não são imputadas; 88888 é marcador oficial de extremo quando aplicável.,soma no grupo; ou binarização > 0 quando explicitado,não
187,QT_MAT_FUND,Matrícula,Tabela_Matricula_2025.csv,contagem inteira,Número de Matrículas do Ensino Fundamental,Valor oficial preservado; ausências não são imputadas; 88888 é marcador oficial de extremo quando aplicável.,soma no grupo; ou binarização > 0 quando explicitado,sim
188,QT_MAT_FUND_AI,Matrícula,Tabela_Matricula_2025.csv,contagem inteira,Número de Matrículas do Ensino Fundamental - Anos Iniciais,Valor oficial preservado; ausências não são imputadas; 88888 é marcador oficial de extremo quando aplicável.,soma no grupo; ou binarização > 0 quando explicitado,não
189,QT_MAT_FUND_AI_1,Matrícula,Tabela_Matricula_2025.csv,contagem inteira,Número de Matrículas do Ensino Fundamental - Anos Iniciais - 1º Ano,Valor oficial preservado; ausências não são imputadas; 88888 é marcador oficial de extremo quando aplicável.,soma no grupo; ou binarização > 0 quando explicitado,não
190,QT_MAT_FUND_AI_2,Matrícula,Tabela_Matricula_2025.csv,contagem inteira,Número de Matrículas do Ensino Fundamental - Anos Iniciais - 2º Ano,Valor oficial preservado; ausências não são imputadas; 88888 é marcador oficial de extremo quando aplicável.,soma no grupo; ou binarização > 0 quando explicitado,não
191,QT_MAT_FUND_AI_3,Matrícula,Tabela_Matricula_2025.csv,contagem inteira,Número de Matrículas do Ensino Fundamental - Anos Iniciais - 3º Ano,Valor oficial preservado; ausências não são imputadas; 88888 é marcador oficial de extremo quando aplicável.,soma no grupo; ou binarização > 0 quando explicitado,não
192,QT_MAT_FUND_AI_4,Matrícula,Tabela_Matricula_2025.csv,contagem inteira,Número de Matrículas do Ensino Fundamental - Anos Iniciais - 4º Ano,Valor oficial preservado; ausências não são imputadas; 88888 é marcador oficial de extremo quando aplicável.,soma no grupo; ou binarização > 0 quando explicitado,não
193,QT_MAT_FUND_AI_5,Matrícula,Tabela_Matricula_2025.csv,contagem inteira,Número de Matrículas do Ensino Fundamental - Anos Iniciais - 5º Ano,Valor oficial preservado; ausências não são imputadas; 88888 é marcador oficial de extremo quando aplicável.,soma no grupo; ou binarização > 0 quando explicitado,não
194,QT_MAT_FUND_AF,Matrícula,Tabela_Matricula_2025.csv,contagem inteira,Número de Matrículas do Ensino Fundamental - Anos Finais,Valor oficial preservado; ausências não são imputadas; 88888 é marcador oficial de extremo quando aplicável.,soma no grupo; ou binarização > 0 quando explicitado,não
195,QT_MAT_FUND_AF_6,Matrícula,Tabela_Matricula_2025.csv,contagem inteira,Número de Matrículas do Ensino Fundamental - Anos Finais - 6º Ano,Valor oficial preservado; ausências não são imputadas; 88888 é marcador oficial de extremo quando aplicável.,soma no grupo; ou binarização > 0 quando explicitado,não
196,QT_MAT_FUND_AF_7,Matrícula,Tabela_Matricula_2025.csv,contagem inteira,Número de Matrículas do Ensino Fundamental - Anos Finais - 7º Ano,Valor oficial preservado; ausências não são imputadas; 88888 é marcador oficial de extremo quando aplicável.,soma no grupo; ou binarização > 0 quando explicitado,não
197,QT_MAT_FUND_AF_8,Matrícula,Tabela_Matricula_2025.csv,contagem inteira,Número de Matrículas do Ensino Fundamental - Anos Finais - 8º Ano,Valor oficial preservado; ausências não são imputadas; 88888 é marcador oficial de extremo quando aplicável.,soma no grupo; ou binarização > 0 quando explicitado,não
198,QT_MAT_FUND_AF_9,Matrícula,Tabela_Matricula_2025.csv,contagem inteira,Número de Matrículas do Ensino Fundamental - Anos Finais - 9º Ano,Valor oficial preservado; ausências não são imputadas; 88888 é marcador oficial de extremo quando aplicável.,soma no grupo; ou binarização > 0 quando explicitado,não
199,QT_MAT_ESP_FUND,Matrícula,Tabela_Matricula_2025.csv,contagem inteira,Número de Matrículas da Educação Especial - Ensino Fundamental,Valor oficial preservado; ausências não são imputadas; 88888 é marcador oficial de extremo quando aplicável.,soma no grupo; ou binarização > 0 quando explicitado,não
200,QT_MAT_ESP_FUND_AI,Matrícula,Tabela_Matricula_2025.csv,contagem inteira,Número de Matrículas da Educação Especial - Ensino Fundamental - Anos Iniciais,Valor oficial preservado; ausências não são imputadas; 88888 é marcador oficial de extremo quando aplicável.,soma no grupo; ou binarização > 0 quando explicitado,não
201,QT_MAT_ESP_FUND_AF,Matrícula,Tabela_Matricula_2025.csv,contagem inteira,Número de Matrículas da Educação Especial - Ensino Fundamental - Anos Finais,Valor oficial preservado; ausências não são imputadas; 88888 é marcador oficial de extremo quando aplicável.,soma no grupo; ou binarização > 0 quando explicitado,não
202,QT_MAT_ESP_CC_FUND,Matrícula,Tabela_Matricula_2025.csv,contagem inteira,Número de Matrículas da Educação Especial em Classes Comuns - Ensino Fundamental,Valor oficial preservado; ausências não são imputadas; 88888 é marcador oficial de extremo quando aplicável.,soma no grupo; ou binarização > 0 quando explicitado,não
203,QT_MAT_ESP_CC_FUND_AI,Matrícula,Tabela_Matricula_2025.csv,contagem inteira,Número de Matrículas da Educação Especial em Classes Comuns - Ensino Fundamental - Anos Iniciais,Valor oficial preservado; ausências não são imputadas; 88888 é marcador oficial de extremo quando aplicável.,soma no grupo; ou binarização > 0 quando explicitado,não
204,QT_MAT_ESP_CC_FUND_AF,Matrícula,Tabela_Matricula_2025.csv,contagem inteira,Número de Matrículas da Educação Especial em Classes Comuns - Ensino Fundamental - Anos Finais,Valor oficial preservado; ausências não são imputadas; 88888 é marcador oficial de extremo quando aplicável.,soma no grupo; ou binarização > 0 quando explicitado,não
205,QT_MAT_ESP_CE_FUND,Matrícula,Tabela_Matricula_2025.csv,contagem inteira,Número de Matrículas da Educação Especial em Classes Exclusivas - Ensino Fundamental,Valor oficial preservado; ausências não são imputadas; 88888 é marcador oficial de extremo quando aplicável.,soma no grupo; ou binarização > 0 quando explicitado,não
206,QT_MAT_ESP_CE_FUND_AI,Matrícula,Tabela_Matricula_2025.csv,contagem inteira,Número de Matrículas da Educação Especial em Classes Exclusivas - Ensino Fundamental - Anos Iniciais,Valor oficial preservado; ausências não são imputadas; 88888 é marcador oficial de extremo quando aplicável.,soma no grupo; ou binarização > 0 quando explicitado,não
207,QT_MAT_ESP_CE_FUND_AF,Matrícula,Tabela_Matricula_2025.csv,contagem inteira,Número de Matrículas da Educação Especial em Classes Exclusivas - Ensino Fundamental - Anos Finais,Valor oficial preservado; ausências não são imputadas; 88888 é marcador oficial de extremo quando aplicável.,soma no grupo; ou binarização > 0 quando explicitado,não
208,QT_MAT_FUND_D,Matrícula,Tabela_Matricula_2025.csv,contagem inteira,Número de Matrículas do Ensino Fundamental - Turno Diurno,Valor oficial preservado; ausências não são imputadas; 88888 é marcador oficial de extremo quando aplicável.,soma no grupo; ou binarização > 0 quando explicitado,não
209,QT_MAT_FUND_DM,Matrícula,Tabela_Matricula_2025.csv,contagem inteira,Número de Matrículas do Ensino Fundamental - Turno Diurno - Matutino,Valor oficial preservado; ausências não são imputadas; 88888 é marcador oficial de extremo quando aplicável.,soma no grupo; ou binarização > 0 quando explicitado,não
210,QT_MAT_FUND_DV,Matrícula,Tabela_Matricula_2025.csv,contagem inteira,Número de Matrículas do Ensino Fundamental - Turno Diurno - Vespertino,Valor oficial preservado; ausências não são imputadas; 88888 é marcador oficial de extremo quando aplicável.,soma no grupo; ou binarização > 0 quando explicitado,não
211,QT_MAT_FUND_N,Matrícula,Tabela_Matricula_2025.csv,contagem inteira,Número de Matrículas do Ensino Fundamental - Turno Noturno,Valor oficial preservado; ausências não são imputadas; 88888 é marcador oficial de extremo quando aplicável.,soma no grupo; ou binarização > 0 quando explicitado,não
212,QT_MAT_FUND_AI_D,Matrícula,Tabela_Matricula_2025.csv,contagem inteira,Número de Matrículas do Ensino Fundamental - Anos Iniciais - Turno Diurno,Valor oficial preservado; ausências não são imputadas; 88888 é marcador oficial de extremo quando aplicável.,soma no grupo; ou binarização > 0 quando explicitado,não
213,QT_MAT_FUND_AI_DM,Matrícula,Tabela_Matricula_2025.csv,contagem inteira,Número de Matrículas do Ensino Fundamental - Anos Iniciais - Turno Diurno - Matutino,Valor oficial preservado; ausências não são imputadas; 88888 é marcador oficial de extremo quando aplicável.,soma no grupo; ou binarização > 0 quando explicitado,não
214,QT_MAT_FUND_AI_DV,Matrícula,Tabela_Matricula_2025.csv,contagem inteira,Número de Matrículas do Ensino Fundamental - Anos Iniciais - Turno Diurno - Vespertino,Valor oficial preservado; ausências não são imputadas; 88888 é marcador oficial de extremo quando aplicável.,soma no grupo; ou binarização > 0 quando explicitado,não
215,QT_MAT_FUND_AI_N,Matrícula,Tabela_Matricula_2025.csv,contagem inteira,Número de Matrículas do Ensino Fundamental - Anos Iniciais - Turno Noturno,Valor oficial preservado; ausências não são imputadas; 88888 é marcador oficial de extremo quando aplicável.,soma no grupo; ou binarização > 0 quando explicitado,não
216,QT_MAT_FUND_AF_D,Matrícula,Tabela_Matricula_2025.csv,contagem inteira,Número de Matrículas do Ensino Fundamental - Anos Finais - Turno Diurno,Valor oficial preservado; ausências não são imputadas; 88888 é marcador oficial de extremo quando aplicável.,soma no grupo; ou binarização > 0 quando explicitado,não
217,QT_MAT_FUND_AF_DM,Matrícula,Tabela_Matricula_2025.csv,contagem inteira,Número de Matrículas do Ensino Fundamental - Anos Finais - Turno Diurno - Matutino,Valor oficial preservado; ausências não são imputadas; 88888 é marcador oficial de extremo quando aplicável.,soma no grupo; ou binarização > 0 quando explicitado,não
218,QT_MAT_FUND_AF_DV,Matrícula,Tabela_Matricula_2025.csv,contagem inteira,Número de Matrículas do Ensino Fundamental - Anos Finais - Turno Diurno - Vespertino,Valor oficial preservado; ausências não são imputadas; 88888 é marcador oficial de extremo quando aplicável.,soma no grupo; ou binarização > 0 quando explicitado,não
219,QT_MAT_FUND_AF_N,Matrícula,Tabela_Matricula_2025.csv,contagem inteira,Número de Matrículas do Ensino Fundamental - Anos Finais - Turno Noturno,Valor oficial preservado; ausências não são imputadas; 88888 é marcador oficial de extremo quando aplicável.,soma no grupo; ou binarização > 0 quando explicitado,não
220,QT_MAT_FUND_INT,Matrícula,Tabela_Matricula_2025.csv,contagem inteira,Número de Matrículas do Ensino Fundamental - Tempo Integral,Valor oficial preservado; ausências não são imputadas; 88888 é marcador oficial de extremo quando aplicável.,soma no grupo; ou binarização > 0 quando explicitado,não
221,QT_MAT_FUND_AI_INT,Matrícula,Tabela_Matricula_2025.csv,contagem inteira,Número de Matrículas do Ensino Fundamental - Anos Iniciais - Tempo Integral,Valor oficial preservado; ausências não são imputadas; 88888 é marcador oficial de extremo quando aplicável.,soma no grupo; ou binarização > 0 quando explicitado,não
222,QT_MAT_FUND_AF_INT,Matrícula,Tabela_Matricula_2025.csv,contagem inteira,Número de Matrículas do Ensino Fundamental - Anos Finais - Tempo Integral,Valor oficial preservado; ausências não são imputadas; 88888 é marcador oficial de extremo quando aplicável.,soma no grupo; ou binarização > 0 quando explicitado,não
223,QT_MAT_BAS_LIBRAS,Matrícula,Tabela_Matricula_2025.csv,contagem inteira,"Número de Matrículas da Educação Básica - Classe bilíngue de surdos tendo a Libras (Língua Brasileira de Sinais) como língua de instrução, ensino, comunicação e interação e a língua portuguesa escrita como segunda língua",Valor oficial preservado; ausências não são imputadas; 88888 é marcador oficial de extremo quando aplicável.,soma no grupo; ou binarização > 0 quando explicitado,não
224,QT_MAT_ZR_URB,Matrícula,Tabela_Matricula_2025.csv,contagem inteira,Número de Matrículas da Educação Básica - Localização/Zona de residência do Aluno - Urbana,Valor oficial preservado; ausências não são imputadas; 88888 é marcador oficial de extremo quando aplicável.,soma no grupo; ou binarização > 0 quando explicitado,não
225,QT_MAT_ZR_RUR,Matrícula,Tabela_Matricula_2025.csv,contagem inteira,Número de Matrículas da Educação Básica - Localização/Zona de residência do Aluno - Rural,Valor oficial preservado; ausências não são imputadas; 88888 é marcador oficial de extremo quando aplicável.,soma no grupo; ou binarização > 0 quando explicitado,não
226,QT_MAT_ZR_NA,Matrícula,Tabela_Matricula_2025.csv,contagem inteira,Número de Matrículas da Educação Básica - Localização/Zona de residência do Aluno - Não aplicável para alunos residentes no exterior,Valor oficial preservado; ausências não são imputadas; 88888 é marcador oficial de extremo quando aplicável.,soma no grupo; ou binarização > 0 quando explicitado,não
