regiao,dependencia,dependencia_nome,localizacao,localizacao_nome,escolas,matriculas_ef,turmas_ef,turmas_anos_iniciais,turmas_anos_finais,docentes_ef_vinculos_escola,escolas_turma_computacao,escolas_docente_computacao,escolas_docente_educacao_tic,escolas_ambos_sinais_docentes,escolas_algum_sinal_docente,escolas_sem_sinal_docente,escolas_laboratorio_informatica,escolas_internet,escolas_internet_aprendizagem,escolas_internet_alunos,escolas_turma_matematica,escolas_turma_lingua_portuguesa,escolas_turma_ciencias,escolas_turma_artes,escolas_turma_lingua_inglesa,demanda_minimo_20,demanda_minimo_25,demanda_minimo_26.7,demanda_minimo_29.2,demanda_intermediario_20,demanda_residual_docente_computacao_20,demanda_residual_algum_sinal_docente_20,demanda_intermediario_25,demanda_residual_docente_computacao_25,demanda_residual_algum_sinal_docente_25,demanda_intermediario_26.7,demanda_residual_docente_computacao_26.7,demanda_residual_algum_sinal_docente_26.7,demanda_intermediario_29.2,demanda_residual_docente_computacao_29.2,demanda_residual_algum_sinal_docente_29.2,demanda_progressivo_20,demanda_progressivo_25,demanda_progressivo_26.7,demanda_progressivo_29.2,demanda_intensivo_20,demanda_intensivo_25,demanda_intensivo_26.7,demanda_intensivo_29.2,posicoes_regentes_anos_iniciais,posicoes_especialistas_anos_finais_2aulas_cap25,posicoes_especialistas_anos_finais_3aulas_cap25,demanda_hibrida_2aulas_anos_finais_cap25,demanda_hibrida_3aulas_anos_finais_cap25,escolas_demanda_intermediaria_cap25_maior_1,pct_escolas_turma_computacao,pct_escolas_docente_computacao,pct_escolas_docente_educacao_tic,pct_escolas_ambos_sinais_docentes,pct_escolas_algum_sinal_docente,pct_escolas_sem_sinal_docente,pct_escolas_laboratorio_informatica,pct_escolas_internet,pct_escolas_internet_aprendizagem,pct_escolas_internet_alunos,pct_escolas_turma_matematica,pct_escolas_turma_lingua_portuguesa,pct_escolas_turma_ciencias,pct_escolas_turma_artes,pct_escolas_turma_lingua_inglesa
Centro-Oeste,1,Federal,1,Urbana,3,2405,82,10,72,124,1,1,1,1,1,2,3,3,3,3,3,3,3,3,3,5,4,4,4,9,8,8,8,7,7,7,6,6,7,6,6,9,8,8,8,13,10,10,9,10,7,9,17,19,3,33.33,33.33,33.33,33.33,33.33,66.67,100,100,100,100,100,100,100,100,100
Centro-Oeste,2,Estadual,1,Urbana,1922,707929,26756,7463,19293,40659,304,289,312,53,548,1374,1090,1922,1772,1484,1922,1922,1920,1905,1646,2341,2180,2148,2097,3162,2873,2614,2768,2479,2220,2677,2388,2129,2566,2277,2018,3396,2949,2844,2719,4434,3673,3569,3345,7463,2349,3071,9812,10534,688,15.82,15.04,16.23,2.76,28.51,71.49,56.71,100,92.2,77.21,100,100,99.9,99.12,85.64
Centro-Oeste,2,Estadual,2,Rural,361,48466,2927,943,1984,4677,8,5,31,1,35,326,111,360,319,278,361,361,360,359,311,382,368,368,367,441,436,406,407,402,372,404,399,369,395,390,360,463,422,412,407,544,479,470,451,943,342,397,1285,1340,43,2.22,1.39,8.59,0.28,9.7,90.3,30.75,99.72,88.37,77.01,100,100,99.72,99.45,86.15
Centro-Oeste,3,Municipal,1,Urbana,2234,926306,37149,31647,5502,45160,60,56,300,7,349,1885,897,2233,1982,1269,2233,2232,2231,2221,1290,2890,2605,2547,2451,3169,3113,2820,2841,2785,2492,2769,2713,2420,2653,2597,2304,4039,3472,3344,3167,4324,3695,3551,3349,31647,788,1000,32435,32647,541,2.69,2.51,13.43,0.31,15.62,84.38,40.15,99.96,88.72,56.8,99.96,99.91,99.87,99.42,57.74
Centro-Oeste,3,Municipal,2,Rural,981,95780,6558,3889,2669,7798,21,21,47,1,67,914,263,933,727,525,980,973,979,970,606,1014,997,995,994,1060,1039,993,1023,1002,956,1018,997,951,1012,991,945,1104,1065,1055,1040,1184,1103,1087,1072,3889,733,762,4622,4651,39,2.14,2.14,4.79,0.1,6.83,93.17,26.81,95.11,74.11,53.52,99.9,99.18,99.8,98.88,61.77
Centro-Oeste,4,Privada,1,Urbana,1814,367007,19959,13453,6506,26789,197,170,135,18,287,1527,736,1811,1537,1080,1813,1812,1810,1795,1623,2022,1930,1908,1884,2286,2116,1999,2125,1955,1838,2076,1906,1789,2013,1843,1726,2587,2319,2253,2186,2893,2571,2495,2361,13453,1183,1322,14636,14775,268,10.86,9.37,7.44,0.99,15.82,84.18,40.57,99.83,84.73,59.54,99.94,99.89,99.78,98.95,89.47
Centro-Oeste,4,Privada,2,Rural,12,1517,86,59,27,121,0,0,0,0,0,12,7,12,10,8,12,12,12,12,11,12,12,12,12,13,13,13,12,12,12,12,12,12,12,12,12,13,13,13,13,14,13,13,13,59,7,7,66,66,0,0,0,0,0,0,100,58.33,100,83.33,66.67,100,100,100,100,91.67
Nordeste,1,Federal,1,Urbana,10,2657,109,30,79,298,1,1,1,0,2,8,6,10,9,7,10,10,10,10,7,10,10,10,10,14,13,12,14,13,12,14,13,12,13,12,11,14,14,14,14,20,14,14,14,30,10,11,40,41,4,10,10,10,0,20,80,60,100,90,70,100,100,100,100,70
Nordeste,2,Estadual,1,Urbana,1579,406954,14267,2585,11682,27588,147,134,258,10,382,1197,891,1529,1272,1095,1578,1578,1495,1565,1424,1643,1597,1592,1589,2075,1941,1693,1864,1730,1482,1825,1691,1443,1770,1636,1388,2131,1908,1859,1792,2765,2342,2308,2190,2585,1675,2083,4260,4668,272,9.31,8.49,16.34,0.63,24.19,75.81,56.43,96.83,80.56,69.35,99.94,99.94,94.68,99.11,90.18
Nordeste,2,Estadual,2,Rural,686,47823,3206,1130,2076,5063,19,11,39,2,48,638,130,417,338,270,686,663,684,682,364,690,686,686,686,714,703,666,698,687,650,693,682,645,692,681,644,723,704,703,699,796,742,737,720,1130,595,623,1725,1753,12,2.77,1.6,5.69,0.29,7,93,18.95,60.79,49.27,39.36,100,96.65,99.71,99.42,53.06
Nordeste,3,Municipal,1,Urbana,11885,3805013,153449,91830,61619,209459,685,671,1706,118,2259,9626,2594,11816,9276,5260,11884,11882,11882,11838,7191,13513,12594,12462,12262,16681,16010,14422,14959,14288,12700,14568,13897,12309,14019,13348,11760,18759,16519,16030,15266,21976,18915,18426,17460,91830,7985,10314,99815,102144,2803,5.76,5.65,14.35,0.99,19.01,80.99,21.83,99.42,78.05,44.26,99.99,99.97,99.97,99.6,60.5
Nordeste,3,Municipal,2,Rural,20876,1543617,92838,46550,46288,124811,1127,1101,1034,83,2052,18824,1390,18908,13156,5995,20870,20869,20857,20716,9657,21012,20932,20922,20903,21599,20498,19547,21229,20128,19177,21153,20052,19101,21059,19958,19007,22030,21502,21401,21271,23355,22200,22027,21727,46550,15042,15390,61592,61940,339,5.4,5.27,4.95,0.4,9.83,90.17,6.66,90.57,63.02,28.72,99.97,99.97,99.91,99.23,46.26
Nordeste,4,Privada,1,Urbana,8418,1403657,78747,54137,24610,100565,695,617,429,69,977,7441,2132,8338,5921,3774,8411,8401,8397,8150,7643,8932,8667,8637,8571,9869,9252,8892,9310,8693,8333,9073,8456,8096,8909,8292,7932,10723,9914,9755,9510,11740,10696,10484,10056,54137,4935,5322,59072,59459,796,8.26,7.33,5.1,0.82,11.61,88.39,25.33,99.05,70.34,44.83,99.92,99.8,99.75,96.82,90.79
Nordeste,4,Privada,2,Rural,218,18990,1258,875,383,1648,31,28,10,2,36,182,49,202,152,81,218,218,218,215,168,220,219,219,219,226,198,190,222,194,186,221,193,185,220,192,184,231,227,225,222,243,231,230,227,875,115,117,990,992,3,14.22,12.84,4.59,0.92,16.51,83.49,22.48,92.66,69.72,37.16,100,100,100,98.62,77.06
Norte,1,Federal,1,Urbana,9,3575,134,40,94,292,3,2,3,1,4,5,7,9,9,7,9,9,8,9,9,11,11,11,11,16,14,12,14,12,10,13,11,9,12,10,8,18,14,14,14,22,20,19,16,40,12,16,52,56,3,33.33,22.22,33.33,11.11,44.44,55.56,77.78,100,100,77.78,100,100,88.89,100,100
Norte,2,Estadual,1,Urbana,1620,570449,20539,5902,14637,29096,23,16,196,6,206,1414,863,1576,852,1155,1620,1620,1620,1620,1358,1814,1694,1676,1657,2468,2452,2262,2189,2173,1983,2132,2116,1926,2045,2029,1839,2652,2322,2243,2135,3454,2896,2826,2646,5902,1806,2381,7708,8283,512,1.42,0.99,12.1,0.37,12.72,87.28,53.27,97.28,52.59,71.3,100,100,100,100,83.83
Norte,2,Estadual,2,Rural,1310,89796,7086,1953,5133,9088,13,6,55,0,61,1249,108,729,350,378,1310,1256,1307,1298,793,1339,1326,1325,1323,1420,1414,1359,1376,1370,1315,1366,1360,1305,1355,1349,1294,1446,1391,1377,1365,1602,1490,1477,1448,1953,1258,1336,3211,3289,50,0.99,0.46,4.2,0,4.66,95.34,8.24,55.65,26.72,28.85,100,95.88,99.77,99.08,60.53
Norte,3,Municipal,1,Urbana,2925,1221137,47929,34589,13340,54901,185,184,286,17,453,2472,985,2857,2081,1238,2925,2924,2924,2923,1409,3697,3340,3265,3180,4409,4225,3956,3931,3747,3478,3822,3638,3369,3660,3476,3207,5354,4646,4490,4251,6036,5150,4985,4703,34589,1656,2167,36245,36756,864,6.32,6.29,9.78,0.58,15.49,84.51,33.68,97.68,71.15,42.32,100,99.97,99.97,99.93,48.17
Norte,3,Municipal,2,Rural,11147,646597,43380,17331,26049,51684,237,235,234,22,447,10700,498,6693,3670,1562,11142,11104,11139,11102,5339,11209,11169,11166,11161,11480,11245,11033,11305,11070,10858,11272,11037,10825,11224,10989,10777,11666,11444,11400,11330,12277,11729,11649,11547,17331,8870,9038,26201,26369,147,2.13,2.11,2.1,0.2,4.01,95.99,4.47,60.04,32.92,14.01,99.96,99.61,99.93,99.6,47.9
Norte,4,Privada,1,Urbana,1346,245928,13529,9229,4300,18098,135,122,74,14,182,1164,511,1343,1065,712,1345,1343,1336,1324,1221,1453,1409,1407,1392,1660,1538,1478,1536,1414,1354,1476,1354,1294,1445,1323,1263,1800,1666,1642,1587,1975,1792,1758,1691,9229,799,868,10028,10097,174,10.03,9.06,5.5,1.04,13.52,86.48,37.96,99.78,79.12,52.9,99.93,99.78,99.26,98.37,90.71
Norte,4,Privada,2,Rural,20,3199,152,72,80,237,3,2,1,1,2,18,9,20,17,11,20,20,20,20,18,21,21,21,21,23,21,21,22,20,20,22,20,20,21,19,19,25,23,23,23,26,25,24,24,72,19,20,91,92,1,15,10,5,5,10,90,45,100,85,55,100,100,100,100,90
Sudeste,1,Federal,1,Urbana,26,12695,548,234,314,1326,15,15,7,3,19,7,23,26,26,25,26,26,26,26,21,37,32,31,29,53,38,34,47,32,28,43,28,24,41,26,22,62,54,51,49,77,66,65,60,234,36,45,270,279,18,57.69,57.69,26.92,11.54,73.08,26.92,88.46,100,100,96.15,100,100,100,100,80.77
Sudeste,2,Estadual,1,Urbana,7791,2786161,97326,29024,68302,184029,3553,3542,400,143,3799,3992,6170,7768,7286,6701,7786,7788,7782,7783,7535,8716,8248,8173,8017,11736,8194,7937,10160,6618,6361,9760,6218,5961,9361,5819,5562,12556,10857,10458,9976,16332,13547,13271,12416,29024,8550,11202,37574,40226,2245,45.6,45.46,5.13,1.84,48.76,51.24,79.19,99.7,93.52,86.01,99.94,99.96,99.88,99.9,96.71
Sudeste,2,Estadual,2,Rural,649,65869,4066,963,3103,8476,168,168,25,2,191,458,363,617,521,484,648,648,647,642,607,658,651,651,651,702,534,511,678,510,487,670,502,479,662,494,471,720,684,677,671,815,744,738,718,963,651,691,1614,1654,27,25.89,25.89,3.85,0.31,29.43,70.57,55.93,95.07,80.28,74.58,99.85,99.85,99.69,98.92,93.53
Sudeste,3,Municipal,1,Urbana,11921,4723633,193838,143673,50165,276287,2299,2253,1415,597,3071,8850,6524,11886,10523,7363,11867,11900,11860,11821,7901,15290,13729,13434,12922,17771,15518,14700,15861,13608,12790,15402,13149,12331,14771,12518,11700,21814,18755,18166,17153,24304,20709,20000,18803,143673,6366,8406,150039,152079,3492,19.29,18.9,11.87,5.01,25.76,74.24,54.73,99.71,88.27,61.76,99.55,99.82,99.49,99.16,66.28
Sudeste,3,Municipal,2,Rural,4104,291831,19958,11843,8115,30085,325,313,258,38,533,3571,862,3735,2846,1570,4101,4096,4096,4010,1518,4146,4112,4112,4110,4258,3945,3725,4181,3868,3648,4164,3851,3631,4147,3834,3614,4352,4248,4227,4196,4517,4362,4330,4279,11843,2895,2958,14738,14801,74,7.92,7.63,6.29,0.93,12.99,87.01,21,91.01,69.35,38.26,99.93,99.81,99.81,97.71,36.99
Sudeste,4,Privada,1,Urbana,10365,2165553,115105,70705,44400,174929,1629,1526,229,52,1703,8662,4655,10329,9020,6559,10341,10331,10267,10106,9294,11498,10985,10912,10731,13445,11919,11742,12331,10805,10628,11888,10362,10185,11501,9975,9798,14803,13357,13075,12635,16805,14882,14490,13821,70705,7681,8652,78386,79357,1716,15.72,14.72,2.21,0.5,16.43,83.57,44.91,99.65,87.02,63.28,99.77,99.67,99.05,97.5,89.67
Sudeste,4,Privada,2,Rural,101,15378,817,468,349,1298,17,17,1,0,18,83,43,101,87,55,101,101,101,101,86,109,105,105,103,115,98,97,111,94,93,110,93,92,107,90,89,120,112,112,110,129,121,119,117,468,74,80,542,548,7,16.83,16.83,0.99,0,17.82,82.18,42.57,100,86.14,54.46,100,100,100,100,85.15
Sul,1,Federal,1,Urbana,5,2352,96,25,71,270,1,1,1,0,2,3,4,5,5,5,5,5,5,5,5,6,6,6,6,10,9,8,10,9,8,9,8,7,9,8,7,12,10,10,10,15,13,11,10,25,9,10,34,35,4,20,20,20,0,40,60,80,100,100,100,100,100,100,100,100
Sul,2,Estadual,1,Urbana,3785,1069071,45924,13388,32536,94694,58,40,745,16,769,3016,3091,3779,3608,3438,3778,3774,3778,3778,3682,4198,3940,3915,3861,5680,5640,4911,5006,4966,4237,4734,4694,3965,4521,4481,3752,5952,5300,5142,4915,7653,6450,6290,5929,13388,4442,5511,17830,18899,1144,1.53,1.06,19.68,0.42,20.32,79.68,81.66,99.84,95.32,90.83,99.82,99.71,99.82,99.82,97.28
Sul,2,Estadual,2,Rural,1015,72991,5421,1417,4004,11481,17,12,89,1,100,915,631,996,949,913,1002,962,1003,1001,903,1020,1017,1017,1017,1055,1043,955,1032,1020,932,1027,1015,927,1025,1013,925,1065,1044,1043,1035,1136,1071,1066,1059,1417,1011,1032,2428,2449,16,1.67,1.18,8.77,0.1,9.85,90.15,62.17,98.13,93.5,89.95,98.72,94.78,98.82,98.62,88.97
Sul,3,Municipal,1,Urbana,5393,1710943,78096,60259,17837,114238,1016,999,1049,330,1718,3675,2853,5390,5089,3796,5383,5382,5381,5380,3419,6453,5953,5871,5719,7465,6466,5747,6754,5755,5036,6475,5476,4757,6196,5197,4478,8900,7789,7590,7210,9773,8403,8155,7736,60259,2554,3074,62813,63333,1223,18.84,18.52,19.45,6.12,31.86,68.14,52.9,99.94,94.36,70.39,99.81,99.8,99.78,99.76,63.4
Sul,3,Municipal,2,Rural,2324,180752,13314,8663,4651,20060,309,302,261,66,497,1827,687,2271,2079,1499,2322,2321,2318,2310,1314,2338,2329,2328,2326,2382,2080,1885,2352,2050,1855,2342,2040,1845,2337,2035,1840,2437,2379,2373,2359,2545,2428,2418,2389,8663,1488,1498,10151,10161,28,13.3,12.99,11.23,2.84,21.39,78.61,29.56,97.72,89.46,64.5,99.91,99.87,99.74,99.4,56.54
Sul,4,Privada,1,Urbana,2366,548770,28551,19090,9461,42953,304,278,153,27,404,1962,1303,2362,2156,1828,2362,2363,2361,2346,1786,2784,2595,2571,2508,3194,2916,2790,2918,2640,2514,2839,2561,2435,2745,2467,2341,3532,3192,3117,3007,3999,3499,3428,3278,19090,1565,1813,20655,20903,462,12.85,11.75,6.47,1.14,17.08,82.92,55.07,99.83,91.12,77.26,99.83,99.87,99.79,99.15,75.49
Sul,4,Privada,2,Rural,23,1966,151,94,57,199,2,2,2,0,4,19,9,23,21,14,22,22,22,21,14,24,24,24,24,26,24,22,25,23,21,25,23,21,24,22,20,26,26,26,24,28,26,26,26,94,14,14,108,108,2,8.7,8.7,8.7,0,17.39,82.61,39.13,100,91.3,60.87,95.65,95.65,95.65,91.3,60.87
