uf,posicoes_regentes_anos_iniciais,especialistas_anos_finais_2aulas_cap25,total_hibrido_2aulas_cap25,especialistas_anos_finais_3aulas_cap25,total_hibrido_3aulas_cap25
AC,2887,1171,4058,1253,4140
AL,11328,1403,12731,1599,12927
AM,17061,3621,20682,3949,21010
AP,3758,536,4294,602,4360
BA,50380,7546,57926,8507,58887
CE,30761,3833,34594,4307,35068
DF,10771,687,11458,900,11671
ES,12983,1612,14595,1878,14861
GO,22753,2216,24969,2635,25388
MA,25667,6419,32086,6864,32531
MG,63773,7664,71437,8963,72736
MS,10377,976,11353,1179,11556
MT,13563,1530,15093,1854,15417
PA,30878,6972,37850,7607,38485
PB,14567,2381,16948,2632,17199
PE,33097,4045,37142,4664,37761
PI,11235,1956,13191,2129,13364
PR,39580,3591,43171,4360,43940
RJ,52306,5126,57432,6120,58426
RN,11776,1701,13477,1935,13711
RO,5810,688,6498,812,6622
RR,2999,543,3542,605,3604
RS,37542,4941,42483,5520,43062
SC,25814,2551,28365,3072,28886
SE,8326,1073,9399,1223,9549
SP,127848,11851,139699,15073,142921
TO,5723,889,6612,998,6721
