uf,escolas,matriculas_ef,turmas_ef,turmas_anos_iniciais,turmas_anos_finais,docentes_ef_vinculos_escola,escolas_turma_computacao,escolas_docente_computacao,escolas_docente_educacao_tic,escolas_ambos_sinais_docentes,escolas_algum_sinal_docente,escolas_sem_sinal_docente,escolas_laboratorio_informatica,escolas_internet,escolas_internet_aprendizagem,escolas_internet_alunos,escolas_turma_matematica,escolas_turma_lingua_portuguesa,escolas_turma_ciencias,escolas_turma_artes,escolas_turma_lingua_inglesa,demanda_minimo_20,demanda_minimo_25,demanda_minimo_26.7,demanda_minimo_29.2,demanda_intermediario_20,demanda_residual_docente_computacao_20,demanda_residual_algum_sinal_docente_20,demanda_intermediario_25,demanda_residual_docente_computacao_25,demanda_residual_algum_sinal_docente_25,demanda_intermediario_26.7,demanda_residual_docente_computacao_26.7,demanda_residual_algum_sinal_docente_26.7,demanda_intermediario_29.2,demanda_residual_docente_computacao_29.2,demanda_residual_algum_sinal_docente_29.2,demanda_progressivo_20,demanda_progressivo_25,demanda_progressivo_26.7,demanda_progressivo_29.2,demanda_intensivo_20,demanda_intensivo_25,demanda_intensivo_26.7,demanda_intensivo_29.2,posicoes_regentes_anos_iniciais,posicoes_especialistas_anos_finais_2aulas_cap25,posicoes_especialistas_anos_finais_3aulas_cap25,demanda_hibrida_2aulas_anos_finais_cap25,demanda_hibrida_3aulas_anos_finais_cap25,escolas_demanda_intermediaria_cap25_maior_1,pct_escolas_turma_computacao,pct_escolas_docente_computacao,pct_escolas_docente_educacao_tic,pct_escolas_ambos_sinais_docentes,pct_escolas_algum_sinal_docente,pct_escolas_sem_sinal_docente,pct_escolas_laboratorio_informatica,pct_escolas_internet,pct_escolas_internet_aprendizagem,pct_escolas_internet_alunos,pct_escolas_turma_matematica,pct_escolas_turma_lingua_portuguesa,pct_escolas_turma_ciencias,pct_escolas_turma_artes,pct_escolas_turma_lingua_inglesa
AC,1289,142492,6891,2887,4004,7829,8,7,19,2,24,1265,102,593,387,203,1288,1255,1287,1282,594,1336,1303,1301,1298,1436,1429,1412,1377,1370,1353,1362,1355,1338,1354,1347,1330,1511,1430,1411,1396,1630,1519,1503,1472,2887,1171,1253,4058,4140,82,0.62,0.54,1.47,0.16,1.86,98.14,7.91,46,30.02,15.75,99.92,97.36,99.84,99.46,46.08
AL,2033,430580,18681,11328,7353,25224,96,84,167,12,239,1794,441,1980,1566,854,2033,2031,2031,2024,1312,2202,2110,2091,2073,2497,2413,2258,2332,2248,2093,2293,2209,2054,2238,2154,1999,2723,2479,2440,2357,3053,2732,2675,2561,11328,1403,1599,12731,12927,273,4.72,4.13,8.21,0.59,11.76,88.24,21.69,97.39,77.03,42.01,100,99.9,99.9,99.56,64.54
AM,4813,680689,32315,17061,15254,39788,62,55,223,7,271,4542,761,3028,1993,873,4810,4811,4813,4805,2839,5128,4988,4962,4930,5587,5532,5316,5328,5273,5057,5262,5207,4991,5195,5140,4924,5969,5622,5550,5428,6501,6002,5915,5747,17061,3621,3949,20682,21010,430,1.29,1.14,4.63,0.15,5.63,94.37,15.81,62.91,41.41,18.14,99.94,99.96,100,99.83,58.99
AP,721,128779,6411,3758,2653,8162,27,18,77,3,92,629,89,485,237,127,721,695,721,712,336,784,748,743,737,876,858,784,829,811,737,813,795,721,795,777,703,964,894,884,853,1075,963,946,912,3758,536,602,4294,4360,100,3.74,2.5,10.68,0.42,12.76,87.24,12.34,67.27,32.87,17.61,100,96.39,100,98.75,46.6
BA,11790,1790988,88002,50380,37622,115055,791,752,1334,107,1979,9811,1522,11198,8664,4664,11784,11787,11778,11531,6346,12329,11991,11960,11909,13686,12934,11707,12992,12240,11013,12821,12069,10842,12625,11873,10646,14460,13527,13321,13040,16156,14683,14456,13988,50380,7546,8507,57926,58887,1101,6.71,6.38,11.31,0.91,16.79,83.21,12.91,94.98,73.49,39.56,99.95,99.97,99.9,97.8,53.83
CE,5164,1129624,51324,30761,20563,73123,264,251,339,15,575,4589,1339,5143,4060,2400,5164,5158,5162,5146,4047,5598,5360,5331,5278,6342,6091,5767,5853,5602,5278,5719,5468,5144,5605,5354,5030,6946,6321,6199,5998,7826,6953,6809,6523,30761,3833,4307,34594,35068,634,5.11,4.86,6.56,0.29,11.13,88.87,25.93,99.59,78.62,46.48,100,99.88,99.96,99.65,78.37
DF,855,354373,16686,10771,5915,19846,57,44,241,18,267,588,376,855,665,382,855,854,851,831,515,1239,1108,1079,1031,1543,1499,1276,1347,1303,1080,1302,1258,1035,1238,1194,971,1851,1577,1519,1443,2154,1808,1736,1634,10771,687,900,11458,11671,371,6.67,5.15,28.19,2.11,31.23,68.77,43.98,100,77.78,44.68,100,99.88,99.53,97.19,60.23
ES,1930,502726,21940,12983,8957,35681,173,172,550,77,645,1285,786,1873,1672,1236,1930,1929,1929,1922,1253,2271,2130,2102,2060,2645,2473,2000,2403,2231,1758,2341,2169,1696,2269,2097,1624,2975,2650,2591,2493,3354,2962,2866,2735,12983,1612,1878,14595,14861,413,8.96,8.91,28.5,3.99,33.42,66.58,40.73,97.05,86.63,64.04,100,99.95,99.95,99.59,64.92
GO,3340,875722,36593,22753,13840,46576,352,334,326,47,613,2727,1426,3327,2946,2060,3339,3338,3336,3320,2477,3688,3502,3471,3422,4205,3871,3592,3875,3541,3262,3799,3465,3186,3692,3358,3079,4726,4231,4125,3992,5431,4699,4594,4380,22753,2216,2635,24969,25388,494,10.54,10,9.76,1.41,18.35,81.65,42.69,99.61,88.2,61.68,99.97,99.94,99.88,99.4,74.16
MA,8577,1003876,51082,25667,25415,76018,652,628,448,36,1040,7537,701,7286,4188,1965,8575,8550,8569,8534,5439,8823,8702,8683,8638,9521,8893,8481,9134,8506,8094,9039,8411,7999,8921,8293,7881,9909,9460,9349,9188,10771,10001,9894,9671,25667,6419,6864,32086,32531,513,7.6,7.32,5.22,0.42,12.13,87.87,8.17,84.95,48.83,22.91,99.98,99.69,99.91,99.5,63.41
MG,10099,2319307,109904,63773,46131,171433,586,549,520,60,1009,9090,5818,9824,8037,5932,10097,10090,10088,10050,7010,11370,10771,10672,10483,13213,12664,12204,12031,11482,11022,11756,11207,10747,11424,10875,10415,14652,13131,12831,12351,16769,14587,14290,13657,63773,7664,8963,71437,72736,1730,5.8,5.44,5.15,0.59,9.99,90.01,57.61,97.28,79.58,58.74,99.98,99.91,99.89,99.51,69.41
MS,1192,396546,16894,10377,6517,29728,103,96,164,13,247,945,719,1187,1038,842,1192,1186,1192,1190,1027,1475,1366,1347,1312,1737,1641,1490,1552,1456,1305,1506,1410,1259,1450,1354,1203,2007,1765,1693,1620,2325,2001,1935,1821,10377,976,1179,11353,11556,305,8.64,8.05,13.76,1.09,20.72,79.28,60.32,99.58,87.08,70.64,100,99.5,100,99.83,86.16
MT,1940,522769,23344,13563,9781,29178,79,68,95,3,160,1780,586,1905,1701,1363,1938,1937,1936,1924,1471,2264,2120,2085,2044,2655,2587,2495,2410,2342,2250,2356,2288,2196,2278,2210,2118,3027,2675,2592,2485,3496,3036,2930,2765,13563,1530,1854,15093,15417,412,4.07,3.51,4.9,0.15,8.25,91.75,30.21,98.2,87.68,70.26,99.9,99.85,99.79,99.18,75.82
PA,8799,1274494,61244,30878,30366,75397,410,399,276,35,640,8159,1242,6667,3475,2436,8797,8790,8785,8765,4646,9291,9043,9000,8945,10186,9787,9546,9688,9289,9048,9578,9179,8938,9395,8996,8755,10804,10166,10021,9807,11983,10885,10701,10430,30878,6972,7607,37850,38485,782,4.66,4.53,3.14,0.4,7.27,92.73,14.12,75.77,39.49,27.68,99.98,99.9,99.84,99.61,52.8
PB,3443,519613,25410,14567,10843,34737,164,155,176,28,303,3140,635,3292,2177,1128,3438,3438,3432,3390,1819,3608,3523,3511,3488,3992,3837,3689,3793,3638,3490,3744,3589,3441,3672,3517,3369,4230,3963,3910,3810,4698,4292,4229,4077,14567,2381,2632,16948,17199,317,4.76,4.5,5.11,0.81,8.8,91.2,18.44,95.61,63.23,32.76,99.85,99.85,99.68,98.46,52.83
PE,6115,1205198,54579,33097,21482,65034,220,197,339,16,520,5595,1187,5887,4617,2413,6114,6110,6108,6046,3319,6579,6337,6295,6234,7464,7267,6944,6953,6756,6433,6809,6612,6289,6647,6450,6127,8090,7407,7260,7061,9072,8135,7983,7680,33097,4045,4664,37142,37761,749,3.6,3.22,5.54,0.26,8.5,91.5,19.41,96.27,75.5,39.46,99.98,99.92,99.89,98.87,54.28
PI,2592,426754,20318,11235,9083,33509,294,289,311,30,570,2022,413,2531,1772,852,2591,2590,2506,2585,1784,2685,2631,2624,2609,2945,2656,2375,2808,2519,2238,2773,2484,2203,2723,2434,2153,3123,2931,2889,2827,3532,3171,3112,3014,11235,1956,2129,13191,13364,205,11.34,11.15,12,1.16,21.99,78.01,15.93,97.65,68.36,32.87,99.96,99.92,96.68,99.73,68.83
PR,6157,1363461,62974,39580,23394,115185,244,231,779,27,983,5174,3641,6129,5702,4336,6156,6156,6156,6152,3557,6668,6350,6315,6241,7578,7347,6595,7008,6777,6025,6882,6651,5899,6736,6505,5753,8395,7550,7378,7115,9592,8348,8211,7831,39580,3591,4360,43171,43940,791,3.96,3.75,12.65,0.44,15.97,84.03,59.14,99.55,92.61,70.42,99.98,99.98,99.98,99.92,57.77
RJ,7569,1915124,84316,52306,32010,133098,1215,1123,441,106,1458,6111,3141,7520,5723,3771,7563,7552,7541,7269,5705,8384,7930,7859,7762,9734,8611,8276,8922,7799,7464,8725,7602,7267,8462,7339,7004,10848,9730,9503,9138,12425,10936,10664,10091,52306,5126,6120,57432,58426,1225,16.05,14.84,5.83,1.4,19.26,80.74,41.5,99.35,75.61,49.82,99.92,99.78,99.63,96.04,75.37
RN,2416,424210,20326,11776,8550,27035,133,124,183,17,290,2126,630,2373,1889,1317,2416,2416,2416,2397,1416,2560,2466,2455,2441,2871,2747,2581,2691,2567,2401,2642,2518,2352,2587,2463,2297,3100,2837,2790,2720,3481,3124,3060,2946,11776,1701,1935,13477,13711,257,5.5,5.13,7.57,0.7,12,88,26.08,98.22,78.19,54.51,100,100,100,99.21,58.61
RO,891,222448,10017,5810,4207,11279,20,19,153,2,170,721,444,852,705,553,891,884,891,884,550,999,940,929,915,1163,1144,993,1052,1033,882,1028,1009,858,1003,984,833,1300,1163,1137,1095,1485,1308,1282,1211,5810,688,812,6498,6622,148,2.24,2.13,17.17,0.22,19.08,80.92,49.83,95.62,79.12,62.07,100,99.21,100,99.21,61.73
RR,669,114850,5559,2999,2560,7126,11,11,68,6,73,596,81,434,287,238,669,649,668,659,145,746,722,713,705,822,811,749,780,769,707,762,751,689,749,738,676,892,826,810,790,986,899,882,858,2999,543,605,3542,3604,92,1.64,1.64,10.16,0.9,10.91,89.09,12.11,64.87,42.9,35.58,100,97.01,99.85,98.51,21.67
RS,5587,1244491,65307,37542,27765,96892,899,870,584,184,1270,4317,3015,5533,5204,4588,5554,5509,5549,5533,4575,6303,5950,5899,5804,7545,6675,6275,6852,5982,5582,6528,5658,5258,6277,5407,5007,8269,7530,7372,7085,9450,8278,8072,7739,37542,4941,5520,42483,43062,1175,16.09,15.57,10.45,3.29,22.73,77.27,53.96,99.03,93.14,82.12,99.41,98.6,99.32,99.03,81.89
SC,3167,978893,43272,25814,17458,71818,564,533,937,229,1241,1926,1922,3164,3001,2569,3164,3164,3163,3156,2991,3852,3564,3518,3416,4689,4156,3448,4237,3704,2996,4041,3508,2800,3844,3311,2603,5260,4660,4551,4360,6107,5264,5111,4857,25814,2551,3072,28365,28886,913,17.81,16.83,29.59,7.23,39.19,60.81,60.69,99.91,94.76,81.12,99.91,99.91,99.87,99.65,94.44
SE,1542,297868,14152,8326,5826,19697,91,83,180,23,240,1302,324,1530,1191,889,1542,1541,1541,1523,972,1636,1585,1578,1570,1860,1777,1620,1740,1657,1500,1707,1624,1467,1664,1581,1424,2030,1863,1829,1773,2306,2049,2008,1934,8326,1073,1223,9399,9549,180,5.9,5.38,11.67,1.49,15.56,84.44,21.01,99.22,77.24,57.65,100,99.94,99.94,98.77,63.04
SP,15359,5323963,215498,127848,87650,336218,6032,5990,824,592,6222,9137,8895,15245,14877,11818,15280,15319,15221,15248,12994,18429,17031,16785,16258,22488,16498,16266,20013,14023,13791,19215,13225,12993,18435,12445,12213,25952,22556,21841,20808,30431,25946,25193,23731,127848,11851,15073,139699,142921,4211,39.27,39,5.36,3.85,40.51,59.49,57.91,99.26,96.86,76.95,99.49,99.74,99.1,99.28,84.6
TO,1195,216929,10312,5723,4589,13815,61,58,33,6,85,1110,262,1168,960,633,1195,1192,1189,1189,1037,1260,1226,1223,1215,1406,1348,1321,1319,1261,1234,1298,1240,1213,1271,1213,1186,1521,1405,1376,1336,1732,1526,1509,1445,5723,889,998,6612,6721,117,5.1,4.85,2.76,0.5,7.11,92.89,21.92,97.74,80.33,52.97,100,99.75,99.5,99.5,86.78
